SLIM*SIG2,72f13568-35b0-11f0-ac04-d88083763c00,SLIM-GSGP_2_sustavianfeed,52,1,22.10451316833496,0.011512279510498,267.0,19.22864151000977,3,360.8784790039063,25.544947,2,
SLIM*SIG2,72f13568-35b0-11f0-ac04-d88083763c00,SLIM-GSGP_2_sustavianfeed,52,2,15.85496997833252,0.0093052387237548,241.0,8.473588943481445,16,135.78880310058594,16.829288,2,
SLIM*SIG2,72f13568-35b0-11f0-ac04-d88083763c00,SLIM-GSGP_2_sustavianfeed,52,3,15.670684814453123,0.0102825164794921,267.0,6.338983535766602,29,17.474952697753906,1.4075879,2,
SLIM*SIG2,72f13568-35b0-11f0-ac04-d88083763c00,SLIM-GSGP_2_sustavianfeed,52,4,15.62195110321045,0.014122724533081,709.0,7.518430233001709,29,58.53153610229492,4.107248,2,
SLIM*SIG2,72f13568-35b0-11f0-ac04-d88083763c00,SLIM-GSGP_2_sustavianfeed,52,5,15.58339023590088,0.0152864456176757,865.0,7.235147476196289,42,81.4810562133789,3.410155,2,
SLIM*SIG2,72f13568-35b0-11f0-ac04-d88083763c00,SLIM-GSGP_2_sustavianfeed,52,6,15.433363914489746,0.0120117664337158,969.0,6.226153373718262,29,80.09846496582031,3.3110273,2,
SLIM*SIG2,72f13568-35b0-11f0-ac04-d88083763c00,SLIM-GSGP_2_sustavianfeed,52,7,15.364636421203612,0.0147383213043212,1216.0,7.062410354614258,16,71.63410186767578,2.7353861,2,
SLIM*SIG2,72f13568-35b0-11f0-ac04-d88083763c00,SLIM-GSGP_2_sustavianfeed,52,8,15.364636421203612,0.0135419368743896,878.0,7.062410354614258,16,101.9162139892578,2.8031807,2,
SLIM*SIG2,72f13568-35b0-11f0-ac04-d88083763c00,SLIM-GSGP_2_sustavianfeed,52,9,15.364636421203612,0.0103929042816162,683.0,7.062410354614258,16,76.51850128173828,4.2611837,2,
SLIM*SIG2,72f13568-35b0-11f0-ac04-d88083763c00,SLIM-GSGP_2_sustavianfeed,52,10,15.364636421203612,0.0127427577972412,605.0,7.062410354614258,16,69.26063537597656,2.8799634,2,
SLIM*SIG2,72f13568-35b0-11f0-ac04-d88083763c00,SLIM-GSGP_2_sustavianfeed,52,11,15.346810340881348,0.0136110782623291,917.0,6.893314361572266,29,84.06246185302734,3.1971896,2,
SLIM*SIG2,72f13568-35b0-11f0-ac04-d88083763c00,SLIM-GSGP_2_sustavianfeed,52,12,15.346810340881348,0.0111827850341796,774.0,6.893314361572266,29,69.01346588134766,3.1373239,2,
SLIM*SIG2,72f13568-35b0-11f0-ac04-d88083763c00,SLIM-GSGP_2_sustavianfeed,52,13,15.33930206298828,0.0133948326110839,969.0,6.777878284454346,29,80.204345703125,3.5399938,2,
SLIM*SIG2,72f13568-35b0-11f0-ac04-d88083763c00,SLIM-GSGP_2_sustavianfeed,52,14,15.33930206298828,0.0130577087402343,1073.0,6.777878284454346,29,93.62834930419922,3.4527197,2,
SLIM*SIG2,72f13568-35b0-11f0-ac04-d88083763c00,SLIM-GSGP_2_sustavianfeed,52,15,15.33663845062256,0.0155045986175537,1177.0,6.655385494232178,42,100.67528533935548,4.311945,2,
SLIM*SIG2,72f13568-35b0-11f0-ac04-d88083763c00,SLIM-GSGP_2_sustavianfeed,52,16,15.33663845062256,0.0121345520019531,1190.0,6.655385494232178,42,83.71829223632812,3.1527307,2,
SLIM*SIG2,72f13568-35b0-11f0-ac04-d88083763c00,SLIM-GSGP_2_sustavianfeed,52,17,15.33663845062256,0.0109641551971435,1307.0,6.655385494232178,42,86.85929107666016,3.3596876,2,
SLIM*SIG2,72f13568-35b0-11f0-ac04-d88083763c00,SLIM-GSGP_2_sustavianfeed,52,18,15.33663845062256,0.0144355297088623,1476.0,6.655385494232178,42,88.80339050292969,3.379386,2,
SLIM*SIG2,72f13568-35b0-11f0-ac04-d88083763c00,SLIM-GSGP_2_sustavianfeed,52,19,15.035445213317873,0.0118191242218017,1580.0,7.111128330230713,55,89.18029022216797,3.5697231,2,
SLIM*SIG2,72f13568-35b0-11f0-ac04-d88083763c00,SLIM-GSGP_2_sustavianfeed,52,20,15.035445213317873,0.013099193572998,2022.0,7.111128330230713,55,62.32301330566406,3.6098769,2,
SLIM*SIG2,72f13568-35b0-11f0-ac04-d88083763c00,SLIM-GSGP_2_sustavianfeed,52,21,15.035445213317873,0.0142724514007568,1762.0,7.111128330230713,55,80.44406127929688,3.2006726,2,
SLIM*SIG2,72f13568-35b0-11f0-ac04-d88083763c00,SLIM-GSGP_2_sustavianfeed,52,22,15.035445213317873,0.0127565860748291,1606.0,7.111128330230713,55,81.15219116210938,3.058659,2,
SLIM*SIG2,72f13568-35b0-11f0-ac04-d88083763c00,SLIM-GSGP_2_sustavianfeed,52,23,15.035445213317873,0.0118110179901123,1489.0,7.111128330230713,55,81.20098876953125,3.4308121,2,
SLIM*SIG2,72f13568-35b0-11f0-ac04-d88083763c00,SLIM-GSGP_2_sustavianfeed,52,24,15.035445213317873,0.0129072666168212,1814.0,7.111128330230713,55,82.55493927001953,4.204746,2,
SLIM*SIG2,72f13568-35b0-11f0-ac04-d88083763c00,SLIM-GSGP_2_sustavianfeed,52,25,15.035445213317873,0.014798879623413,2412.0,7.111128330230713,55,89.49273681640625,3.745422,2,
SLIM*SIG2,72f13568-35b0-11f0-ac04-d88083763c00,SLIM-GSGP_2_sustavianfeed,52,26,15.032614707946776,0.0122828483581542,2347.0,6.926729202270508,55,72.3223876953125,3.2802277,2,
SLIM*SIG2,72f13568-35b0-11f0-ac04-d88083763c00,SLIM-GSGP_2_sustavianfeed,52,27,15.032614707946776,0.0142791271209716,2334.0,6.926729202270508,55,80.1900405883789,3.7439902,2,
SLIM*SIG2,72f13568-35b0-11f0-ac04-d88083763c00,SLIM-GSGP_2_sustavianfeed,52,28,15.032614707946776,0.0125906467437744,2048.0,6.926729202270508,55,64.48331451416016,3.9475965,2,
SLIM*SIG2,72f13568-35b0-11f0-ac04-d88083763c00,SLIM-GSGP_2_sustavianfeed,52,29,15.00169849395752,0.0127348899841308,1983.0,7.526482105255127,55,65.70759582519531,4.786,2,
SLIM*SIG2,72f13568-35b0-11f0-ac04-d88083763c00,SLIM-GSGP_2_sustavianfeed,52,30,15.00169849395752,0.0152375698089599,2230.0,7.526482105255127,55,63.79986953735352,3.882977,2,
SLIM*SIG2,72f13568-35b0-11f0-ac04-d88083763c00,SLIM-GSGP_2_sustavianfeed,52,31,15.00169849395752,0.0160982608795166,2243.0,7.526482105255127,55,87.52022552490234,5.3018456,2,
SLIM*SIG2,72f13568-35b0-11f0-ac04-d88083763c00,SLIM-GSGP_2_sustavianfeed,52,32,15.00169849395752,0.0132474899291992,2139.0,7.526482105255127,55,85.45038604736328,3.9441767,2,
SLIM*SIG2,72f13568-35b0-11f0-ac04-d88083763c00,SLIM-GSGP_2_sustavianfeed,52,33,15.00169849395752,0.0170090198516845,2620.0,7.526482105255127,55,86.1983642578125,4.536503,2,
SLIM*SIG2,72f13568-35b0-11f0-ac04-d88083763c00,SLIM-GSGP_2_sustavianfeed,52,34,15.00169849395752,0.0133686065673828,2243.0,7.526482105255127,55,52.57469940185547,2.5302725,2,
SLIM*SIG2,72f13568-35b0-11f0-ac04-d88083763c00,SLIM-GSGP_2_sustavianfeed,52,35,15.00169849395752,0.0129487514495849,2009.0,7.526482105255127,55,70.4689712524414,2.7712445,2,
SLIM*SIG2,72f13568-35b0-11f0-ac04-d88083763c00,SLIM-GSGP_2_sustavianfeed,52,36,15.00169849395752,0.0124177932739257,2035.0,7.526482105255127,55,60.45415115356445,3.477412,2,
SLIM*SIG2,72f13568-35b0-11f0-ac04-d88083763c00,SLIM-GSGP_2_sustavianfeed,52,37,14.914993286132812,0.0127732753753662,2191.0,6.668623924255371,81,58.39851379394531,2.64503,2,
SLIM*SIG2,72f13568-35b0-11f0-ac04-d88083763c00,SLIM-GSGP_2_sustavianfeed,52,38,14.889253616333008,0.0125596523284912,2425.0,7.170287609100342,68,68.24970245361328,2.9235208,2,
SLIM*SIG2,72f13568-35b0-11f0-ac04-d88083763c00,SLIM-GSGP_2_sustavianfeed,52,39,14.889253616333008,0.0151770114898681,2789.0,7.170287609100342,68,91.77336120605467,4.97957,2,
SLIM*SIG2,72f13568-35b0-11f0-ac04-d88083763c00,SLIM-GSGP_2_sustavianfeed,52,40,14.889253616333008,0.0166273117065429,2750.0,7.170287609100342,68,59.68976974487305,2.4990816,2,
SLIM*SIG2,72f13568-35b0-11f0-ac04-d88083763c00,SLIM-GSGP_2_sustavianfeed,52,41,14.889253616333008,0.014601707458496,2425.0,7.170287609100342,68,85.93834686279297,5.676717,2,
SLIM*SIG2,72f13568-35b0-11f0-ac04-d88083763c00,SLIM-GSGP_2_sustavianfeed,52,42,14.889253616333008,0.0120937824249267,2256.0,7.170287609100342,68,65.19081115722656,2.9847608,2,
SLIM*SIG2,72f13568-35b0-11f0-ac04-d88083763c00,SLIM-GSGP_2_sustavianfeed,52,43,14.889253616333008,0.0179390907287597,2386.0,7.170287609100342,68,81.1986312866211,3.2030447,2,
SLIM*SIG2,72f13568-35b0-11f0-ac04-d88083763c00,SLIM-GSGP_2_sustavianfeed,52,44,14.889253616333008,0.0141341686248779,2256.0,7.170287609100342,68,69.11878967285156,2.7956276,2,
SLIM*SIG2,72f13568-35b0-11f0-ac04-d88083763c00,SLIM-GSGP_2_sustavianfeed,52,45,14.889253616333008,0.0150771141052246,2412.0,7.170287609100342,68,80.53724670410156,4.177131,2,
SLIM*SIG2,72f13568-35b0-11f0-ac04-d88083763c00,SLIM-GSGP_2_sustavianfeed,52,46,14.889253616333008,0.0135040283203125,2347.0,7.170287609100342,68,65.30535888671875,2.9514458,2,
SLIM*SIG2,72f13568-35b0-11f0-ac04-d88083763c00,SLIM-GSGP_2_sustavianfeed,52,47,14.888594627380373,0.0167655944824218,2763.0,6.879271030426025,81,78.30197143554688,3.029663,2,
SLIM*SIG2,72f13568-35b0-11f0-ac04-d88083763c00,SLIM-GSGP_2_sustavianfeed,52,48,14.88630485534668,0.0197629928588867,2672.0,7.100748062133789,68,56.86018753051758,2.3937333,2,
SLIM*SIG2,72f13568-35b0-11f0-ac04-d88083763c00,SLIM-GSGP_2_sustavianfeed,52,49,14.88630485534668,0.0144171714782714,2867.0,7.100748062133789,68,77.00249481201172,3.162903,2,
SLIM*SIG2,72f13568-35b0-11f0-ac04-d88083763c00,SLIM-GSGP_2_sustavianfeed,52,50,14.88630485534668,0.0153546333312988,2945.0,7.100748062133789,68,91.46063232421876,3.8946059,2,
SLIM*SIG2,72f13568-35b0-11f0-ac04-d88083763c00,SLIM-GSGP_2_sustavianfeed,52,51,14.88630485534668,0.0131611824035644,2932.0,7.100748062133789,68,57.15851974487305,2.7980766,2,
SLIM*SIG2,72f13568-35b0-11f0-ac04-d88083763c00,SLIM-GSGP_2_sustavianfeed,52,52,14.88630485534668,0.0119693279266357,2659.0,7.100748062133789,68,49.36920547485352,2.3161583,2,
SLIM*SIG2,72f13568-35b0-11f0-ac04-d88083763c00,SLIM-GSGP_2_sustavianfeed,52,53,14.88630485534668,0.0133259296417236,2607.0,7.100748062133789,68,60.10664367675781,2.9799383,2,
SLIM*SIG2,72f13568-35b0-11f0-ac04-d88083763c00,SLIM-GSGP_2_sustavianfeed,52,54,14.88630485534668,0.0140852928161621,2529.0,7.100748062133789,68,77.50247192382812,3.4491282,2,
SLIM*SIG2,72f13568-35b0-11f0-ac04-d88083763c00,SLIM-GSGP_2_sustavianfeed,52,55,14.88630485534668,0.0162060260772705,2932.0,7.100748062133789,68,76.04975891113281,3.7386396,2,
SLIM*SIG2,72f13568-35b0-11f0-ac04-d88083763c00,SLIM-GSGP_2_sustavianfeed,52,56,14.88630485534668,0.0148673057556152,3114.0,7.100748062133789,68,54.71759414672852,2.4200585,2,
SLIM*SIG2,72f13568-35b0-11f0-ac04-d88083763c00,SLIM-GSGP_2_sustavianfeed,52,57,14.88630485534668,0.0146543979644775,2932.0,7.100748062133789,68,59.0865364074707,2.6154943,2,
SLIM*SIG2,72f13568-35b0-11f0-ac04-d88083763c00,SLIM-GSGP_2_sustavianfeed,52,58,14.751730918884276,0.0144424438476562,3426.0,6.955855369567871,107,77.5042495727539,3.0527859,2,
SLIM*SIG2,72f13568-35b0-11f0-ac04-d88083763c00,SLIM-GSGP_2_sustavianfeed,52,59,14.749162673950195,0.0145673751831054,3621.0,7.245030403137207,94,55.12236404418945,2.5102677,2,
SLIM*SIG2,72f13568-35b0-11f0-ac04-d88083763c00,SLIM-GSGP_2_sustavianfeed,52,60,14.749162673950195,0.0120191574096679,3985.0,7.245030403137207,94,56.16907501220703,2.4904914,2,
SLIM*SIG2,72f13568-35b0-11f0-ac04-d88083763c00,SLIM-GSGP_2_sustavianfeed,52,61,14.74812126159668,0.0127983093261718,4401.0,7.220037460327148,94,70.1967544555664,3.749431,2,
SLIM*SIG2,72f13568-35b0-11f0-ac04-d88083763c00,SLIM-GSGP_2_sustavianfeed,52,62,14.74812126159668,0.0133581161499023,4089.0,7.220037460327148,94,44.781036376953125,1.9455893,2,
SLIM*SIG2,72f13568-35b0-11f0-ac04-d88083763c00,SLIM-GSGP_2_sustavianfeed,52,63,14.74812126159668,0.011918306350708,3738.0,7.220037460327148,94,44.39801406860352,1.9754881,2,
SLIM*SIG2,72f13568-35b0-11f0-ac04-d88083763c00,SLIM-GSGP_2_sustavianfeed,52,64,14.746538162231444,0.0154838562011718,3491.0,7.078863620758057,81,50.37581253051758,2.3534076,2,
SLIM*SIG2,72f13568-35b0-11f0-ac04-d88083763c00,SLIM-GSGP_2_sustavianfeed,52,65,14.746538162231444,0.0135018825531005,3673.0,7.078863620758057,81,49.20183181762695,2.4540486,2,
SLIM*SIG2,72f13568-35b0-11f0-ac04-d88083763c00,SLIM-GSGP_2_sustavianfeed,52,66,14.746538162231444,0.0125975608825683,3569.0,7.078863620758057,81,71.38297271728516,3.007957,2,
SLIM*SIG2,72f13568-35b0-11f0-ac04-d88083763c00,SLIM-GSGP_2_sustavianfeed,52,67,14.746538162231444,0.0151348114013671,3361.0,7.078863620758057,81,72.56544494628906,4.607636,2,
SLIM*SIG2,72f13568-35b0-11f0-ac04-d88083763c00,SLIM-GSGP_2_sustavianfeed,52,68,14.746538162231444,0.0140638351440429,3179.0,7.078863620758057,81,66.44831085205078,2.8261857,2,
SLIM*SIG2,72f13568-35b0-11f0-ac04-d88083763c00,SLIM-GSGP_2_sustavianfeed,52,69,14.746538162231444,0.0108346939086914,3062.0,7.078863620758057,81,56.09878921508789,2.5343134,2,
SLIM*SIG2,72f13568-35b0-11f0-ac04-d88083763c00,SLIM-GSGP_2_sustavianfeed,52,70,14.73258113861084,0.0154981613159179,3634.0,7.04025936126709,94,59.36932373046875,2.31689,2,
SLIM*SIG2,72f13568-35b0-11f0-ac04-d88083763c00,SLIM-GSGP_2_sustavianfeed,52,71,14.73251247406006,0.0141644477844238,3465.0,7.04418420791626,81,55.9415168762207,3.1330073,2,
SLIM*SIG2,72f13568-35b0-11f0-ac04-d88083763c00,SLIM-GSGP_2_sustavianfeed,52,72,14.73251247406006,0.0137665271759033,3673.0,7.04418420791626,81,97.20176696777344,4.5733094,2,
SLIM*SIG2,72f13568-35b0-11f0-ac04-d88083763c00,SLIM-GSGP_2_sustavianfeed,52,73,14.73251247406006,0.0139710903167724,3309.0,7.04418420791626,81,64.1644515991211,2.80839,2,
SLIM*SIG2,72f13568-35b0-11f0-ac04-d88083763c00,SLIM-GSGP_2_sustavianfeed,52,74,14.674538612365724,0.0182068347930908,3764.0,8.613821983337402,107,82.34051513671875,4.2581415,2,
SLIM*SIG2,72f13568-35b0-11f0-ac04-d88083763c00,SLIM-GSGP_2_sustavianfeed,52,75,14.611188888549805,0.0165731906890869,4167.0,7.835765838623047,120,70.73126220703125,3.3007371,2,
SLIM*SIG2,72f13568-35b0-11f0-ac04-d88083763c00,SLIM-GSGP_2_sustavianfeed,52,76,14.570950508117676,0.0143823623657226,3946.0,7.537821292877197,107,84.92642211914062,4.5242376,2,
SLIM*SIG2,72f13568-35b0-11f0-ac04-d88083763c00,SLIM-GSGP_2_sustavianfeed,52,77,14.570950508117676,0.0146780014038085,4570.0,7.537821292877197,107,58.30333709716797,4.952819,2,
SLIM*SIG2,72f13568-35b0-11f0-ac04-d88083763c00,SLIM-GSGP_2_sustavianfeed,52,78,14.570950508117676,0.014632225036621,4440.0,7.537821292877197,107,46.57585144042969,2.2998793,2,
SLIM*SIG2,72f13568-35b0-11f0-ac04-d88083763c00,SLIM-GSGP_2_sustavianfeed,52,79,14.570950508117676,0.0141854286193847,4375.0,7.537821292877197,107,73.46736907958984,4.6535506,2,
SLIM*SIG2,72f13568-35b0-11f0-ac04-d88083763c00,SLIM-GSGP_2_sustavianfeed,52,80,14.570950508117676,0.0176985263824462,4505.0,7.537821292877197,107,47.99987030029297,3.0705552,2,
SLIM*SIG2,72f13568-35b0-11f0-ac04-d88083763c00,SLIM-GSGP_2_sustavianfeed,52,81,14.570340156555176,0.0158507823944091,4817.0,7.573733806610107,133,75.46385955810547,2.8559217,2,
SLIM*SIG2,72f13568-35b0-11f0-ac04-d88083763c00,SLIM-GSGP_2_sustavianfeed,52,82,14.570340156555176,0.0153968334197998,4778.0,7.573733806610107,133,86.1174087524414,4.675616,2,
SLIM*SIG2,72f13568-35b0-11f0-ac04-d88083763c00,SLIM-GSGP_2_sustavianfeed,52,83,14.570340156555176,0.0135142803192138,4960.0,7.573733806610107,133,57.351200103759766,3.2203145,2,
SLIM*SIG2,72f13568-35b0-11f0-ac04-d88083763c00,SLIM-GSGP_2_sustavianfeed,52,84,14.570340156555176,0.0134487152099609,5649.0,7.573733806610107,133,32.82661819458008,1.8943956,2,
SLIM*SIG2,72f13568-35b0-11f0-ac04-d88083763c00,SLIM-GSGP_2_sustavianfeed,52,85,14.570340156555176,0.0134401321411132,5753.0,7.573733806610107,133,37.00707626342773,1.9370422,2,
SLIM*SIG2,72f13568-35b0-11f0-ac04-d88083763c00,SLIM-GSGP_2_sustavianfeed,52,86,14.570340156555176,0.0109806060791015,5883.0,7.573733806610107,133,32.18069839477539,2.370284,2,
SLIM*SIG2,72f13568-35b0-11f0-ac04-d88083763c00,SLIM-GSGP_2_sustavianfeed,52,87,14.570340156555176,0.0120422840118408,6013.0,7.573733806610107,133,40.81669235229492,2.0686526,2,
SLIM*SIG2,72f13568-35b0-11f0-ac04-d88083763c00,SLIM-GSGP_2_sustavianfeed,52,88,14.570340156555176,0.0115725994110107,5961.0,7.573733806610107,133,29.148324966430664,1.7345265,2,
SLIM*SIG2,72f13568-35b0-11f0-ac04-d88083763c00,SLIM-GSGP_2_sustavianfeed,52,89,14.570340156555176,0.0098731517791748,6000.0,7.573733806610107,133,25.078113555908203,1.515848,2,
SLIM*SIG2,72f13568-35b0-11f0-ac04-d88083763c00,SLIM-GSGP_2_sustavianfeed,52,90,14.570340156555176,0.0103847980499267,5948.0,7.573733806610107,133,20.792076110839844,1.2518544,2,
SLIM*SIG2,72f13568-35b0-11f0-ac04-d88083763c00,SLIM-GSGP_2_sustavianfeed,52,91,14.570340156555176,0.0105705261230468,5857.0,7.573733806610107,133,31.34721565246582,1.7199183,2,
SLIM*SIG2,72f13568-35b0-11f0-ac04-d88083763c00,SLIM-GSGP_2_sustavianfeed,52,92,14.570340156555176,0.0095658302307128,5961.0,7.573733806610107,133,21.861764907836918,1.2398409,2,
SLIM*SIG2,72f13568-35b0-11f0-ac04-d88083763c00,SLIM-GSGP_2_sustavianfeed,52,93,14.570340156555176,0.0107817649841308,5896.0,7.573733806610107,133,48.872745513916016,2.437163,2,
SLIM*SIG2,72f13568-35b0-11f0-ac04-d88083763c00,SLIM-GSGP_2_sustavianfeed,52,94,14.570340156555176,0.0119428634643554,5935.0,7.573733806610107,133,32.09092330932617,1.9870921,2,
SLIM*SIG2,72f13568-35b0-11f0-ac04-d88083763c00,SLIM-GSGP_2_sustavianfeed,52,95,14.570292472839355,0.0104174613952636,6026.0,7.580007076263428,133,26.570405960083008,1.5144222,2,
SLIM*SIG2,72f13568-35b0-11f0-ac04-d88083763c00,SLIM-GSGP_2_sustavianfeed,52,96,14.570292472839355,0.0119774341583251,5974.0,7.580007076263428,133,36.57291030883789,1.7678295,2,
SLIM*SIG2,72f13568-35b0-11f0-ac04-d88083763c00,SLIM-GSGP_2_sustavianfeed,52,97,14.570274353027344,0.0091803073883056,6143.0,7.604711055755615,133,21.271764755249023,1.2766676,2,
SLIM*SIG2,72f13568-35b0-11f0-ac04-d88083763c00,SLIM-GSGP_2_sustavianfeed,52,98,14.570274353027344,0.0102615356445312,6156.0,7.604711055755615,133,33.627925872802734,1.8887035,2,
SLIM*SIG2,72f13568-35b0-11f0-ac04-d88083763c00,SLIM-GSGP_2_sustavianfeed,52,99,14.570274353027344,0.0097224712371826,6039.0,7.604711055755615,133,29.473115921020508,1.7370837,2,
SLIM*SIG2,72f13568-35b0-11f0-ac04-d88083763c00,SLIM-GSGP_2_sustavianfeed,52,100,14.570274353027344,0.0110931396484375,6065.0,7.604711055755615,133,22.15267562866211,1.2957418,2,
SLIM*SIG2,72f13568-35b0-11f0-ac04-d88083763c00,SLIM-GSGP_2_sustavianfeed,52,101,14.570274353027344,0.0124421119689941,6026.0,7.604711055755615,133,35.89305114746094,1.9146147,2,
SLIM*SIG2,72f13568-35b0-11f0-ac04-d88083763c00,SLIM-GSGP_2_sustavianfeed,52,102,14.570274353027344,0.0103695392608642,5948.0,7.604711055755615,133,47.73439407348633,3.0545259,2,
SLIM*SIG2,72f13568-35b0-11f0-ac04-d88083763c00,SLIM-GSGP_2_sustavianfeed,52,103,14.570274353027344,0.013554573059082,6039.0,7.604711055755615,133,44.57549285888672,2.3822653,2,
SLIM*SIG2,72f13568-35b0-11f0-ac04-d88083763c00,SLIM-GSGP_2_sustavianfeed,52,104,14.570274353027344,0.0095274448394775,5974.0,7.604711055755615,133,24.916000366210938,1.3246607,2,
SLIM*SIG2,72f13568-35b0-11f0-ac04-d88083763c00,SLIM-GSGP_2_sustavianfeed,52,105,14.570274353027344,0.0099654197692871,5883.0,7.604711055755615,133,18.83669853210449,0.90450704,2,
SLIM*SIG2,72f13568-35b0-11f0-ac04-d88083763c00,SLIM-GSGP_2_sustavianfeed,52,106,14.570252418518066,0.0118434429168701,5844.0,7.590177059173584,120,51.069332122802734,2.4625587,2,
SLIM*SIG2,72f13568-35b0-11f0-ac04-d88083763c00,SLIM-GSGP_2_sustavianfeed,52,107,14.570252418518066,0.0110378265380859,5922.0,7.590177059173584,120,43.72698593139648,2.3860228,2,
SLIM*SIG2,72f13568-35b0-11f0-ac04-d88083763c00,SLIM-GSGP_2_sustavianfeed,52,108,14.570252418518066,0.0121474266052246,5714.0,7.590177059173584,120,32.21660614013672,1.3798351,2,
SLIM*SIG2,72f13568-35b0-11f0-ac04-d88083763c00,SLIM-GSGP_2_sustavianfeed,52,109,14.570252418518066,0.0123214721679687,5753.0,7.590177059173584,120,22.166990280151367,1.0419785,2,
SLIM*SIG2,72f13568-35b0-11f0-ac04-d88083763c00,SLIM-GSGP_2_sustavianfeed,52,110,14.570252418518066,0.0098726749420166,5818.0,7.590177059173584,120,55.450801849365234,2.5549862,2,
SLIM*SIG2,72f13568-35b0-11f0-ac04-d88083763c00,SLIM-GSGP_2_sustavianfeed,52,111,14.570252418518066,0.0097510814666748,5779.0,7.590177059173584,120,25.11404037475586,1.1208297,2,
SLIM*SIG2,72f13568-35b0-11f0-ac04-d88083763c00,SLIM-GSGP_2_sustavianfeed,52,112,14.570252418518066,0.0101633071899414,5779.0,7.590177059173584,120,29.72374153137207,1.7544782,2,
SLIM*SIG2,72f13568-35b0-11f0-ac04-d88083763c00,SLIM-GSGP_2_sustavianfeed,52,113,14.570252418518066,0.0124595165252685,5766.0,7.590177059173584,120,49.93238067626953,2.3922422,2,
SLIM*SIG2,72f13568-35b0-11f0-ac04-d88083763c00,SLIM-GSGP_2_sustavianfeed,52,114,14.570252418518066,0.0099174976348876,5753.0,7.590177059173584,120,41.48128128051758,3.197527,2,
SLIM*SIG2,72f13568-35b0-11f0-ac04-d88083763c00,SLIM-GSGP_2_sustavianfeed,52,115,14.570252418518066,0.0110108852386474,5844.0,7.590177059173584,120,63.09414291381836,4.47927,2,
SLIM*SIG2,72f13568-35b0-11f0-ac04-d88083763c00,SLIM-GSGP_2_sustavianfeed,52,116,14.570252418518066,0.0127856731414794,5844.0,7.590177059173584,120,49.19158935546875,2.8637428,2,
SLIM*SIG2,72f13568-35b0-11f0-ac04-d88083763c00,SLIM-GSGP_2_sustavianfeed,52,117,14.570252418518066,0.0123388767242431,5896.0,7.590177059173584,120,51.133602142333984,2.3347716,2,
SLIM*SIG2,72f13568-35b0-11f0-ac04-d88083763c00,SLIM-GSGP_2_sustavianfeed,52,118,14.570252418518066,0.0124862194061279,5831.0,7.590177059173584,120,38.891632080078125,2.019984,2,
SLIM*SIG2,72f13568-35b0-11f0-ac04-d88083763c00,SLIM-GSGP_2_sustavianfeed,52,119,14.570252418518066,0.01108980178833,5857.0,7.590177059173584,120,41.77836227416992,2.0948815,2,
SLIM*SIG2,72f13568-35b0-11f0-ac04-d88083763c00,SLIM-GSGP_2_sustavianfeed,52,120,14.570252418518066,0.0130341053009033,5909.0,7.590177059173584,120,39.79621124267578,3.1078792,2,
SLIM*SIG2,72f13568-35b0-11f0-ac04-d88083763c00,SLIM-GSGP_2_sustavianfeed,52,121,14.570252418518066,0.0111176967620849,5935.0,7.590177059173584,120,59.607154846191406,4.25011,2,
SLIM*SIG2,72f13568-35b0-11f0-ac04-d88083763c00,SLIM-GSGP_2_sustavianfeed,52,122,14.570252418518066,0.0099143981933593,5805.0,7.590177059173584,120,33.79897689819336,1.738991,2,
SLIM*SIG2,72f13568-35b0-11f0-ac04-d88083763c00,SLIM-GSGP_2_sustavianfeed,52,123,14.570252418518066,0.0095298290252685,5974.0,7.590177059173584,120,36.382938385009766,1.983165,2,
SLIM*SIG2,72f13568-35b0-11f0-ac04-d88083763c00,SLIM-GSGP_2_sustavianfeed,52,124,14.570252418518066,0.0117003917694091,5909.0,7.590177059173584,120,28.67738151550293,1.5211836,2,
SLIM*SIG2,72f13568-35b0-11f0-ac04-d88083763c00,SLIM-GSGP_2_sustavianfeed,52,125,14.570252418518066,0.0105903148651123,5831.0,7.590177059173584,120,53.75883865356445,2.7035859,2,
SLIM*SIG2,72f13568-35b0-11f0-ac04-d88083763c00,SLIM-GSGP_2_sustavianfeed,52,126,14.570252418518066,0.0114088058471679,5753.0,7.590177059173584,120,30.537015914916992,1.5195279,2,
SLIM*SIG2,72f13568-35b0-11f0-ac04-d88083763c00,SLIM-GSGP_2_sustavianfeed,52,127,14.570252418518066,0.0125885009765625,5740.0,7.590177059173584,120,40.44595718383789,2.0933487,2,
SLIM*SIG2,72f13568-35b0-11f0-ac04-d88083763c00,SLIM-GSGP_2_sustavianfeed,52,128,14.570252418518066,0.0115010738372802,5766.0,7.590177059173584,120,23.042192459106445,1.2549554,2,
SLIM*SIG2,72f13568-35b0-11f0-ac04-d88083763c00,SLIM-GSGP_2_sustavianfeed,52,129,14.570252418518066,0.012110948562622,5870.0,7.590177059173584,120,43.90361022949219,2.193231,2,
SLIM*SIG2,72f13568-35b0-11f0-ac04-d88083763c00,SLIM-GSGP_2_sustavianfeed,52,130,14.570252418518066,0.0103299617767333,6000.0,7.590177059173584,120,42.31914138793945,4.279845,2,
SLIM*SIG2,72f13568-35b0-11f0-ac04-d88083763c00,SLIM-GSGP_2_sustavianfeed,52,131,14.570252418518066,0.0103178024291992,5909.0,7.590177059173584,120,49.52656173706055,4.295618,2,
SLIM*SIG2,72f13568-35b0-11f0-ac04-d88083763c00,SLIM-GSGP_2_sustavianfeed,52,132,14.570252418518066,0.0117313861846923,5922.0,7.590177059173584,120,19.063671112060547,1.0148581,2,
SLIM*SIG2,72f13568-35b0-11f0-ac04-d88083763c00,SLIM-GSGP_2_sustavianfeed,52,133,14.570252418518066,0.0096406936645507,5896.0,7.590177059173584,120,26.1932373046875,1.8697797,2,
SLIM*SIG2,72f13568-35b0-11f0-ac04-d88083763c00,SLIM-GSGP_2_sustavianfeed,52,134,14.570252418518066,0.0094220638275146,5831.0,7.590177059173584,120,28.730546951293945,1.776083,2,
SLIM*SIG2,72f13568-35b0-11f0-ac04-d88083763c00,SLIM-GSGP_2_sustavianfeed,52,135,14.570252418518066,0.0128207206726074,5844.0,7.590177059173584,120,49.04778671264648,2.227059,2,
SLIM*SIG2,72f13568-35b0-11f0-ac04-d88083763c00,SLIM-GSGP_2_sustavianfeed,52,136,14.570252418518066,0.0128276348114013,5922.0,7.590177059173584,120,53.84570693969727,5.0521646,2,
SLIM*SIG2,72f13568-35b0-11f0-ac04-d88083763c00,SLIM-GSGP_2_sustavianfeed,52,137,14.570252418518066,0.0116426944732666,5792.0,7.590177059173584,120,37.58463668823242,2.8000038,2,
SLIM*SIG2,72f13568-35b0-11f0-ac04-d88083763c00,SLIM-GSGP_2_sustavianfeed,52,138,14.570252418518066,0.0107626914978027,5740.0,7.590177059173584,120,26.21120834350586,1.1231874,2,
SLIM*SIG2,72f13568-35b0-11f0-ac04-d88083763c00,SLIM-GSGP_2_sustavianfeed,52,139,14.568277359008787,0.0111865997314453,5857.0,7.995594024658203,120,37.24195098876953,2.9608111,2,
SLIM*SIG2,72f13568-35b0-11f0-ac04-d88083763c00,SLIM-GSGP_2_sustavianfeed,52,140,14.54776668548584,0.0134086608886718,5896.0,7.428035259246826,133,60.16144561767578,3.9862304,2,
SLIM*SIG2,72f13568-35b0-11f0-ac04-d88083763c00,SLIM-GSGP_2_sustavianfeed,52,141,14.54776668548584,0.0133967399597167,5779.0,7.428035259246826,133,61.20473098754883,3.106942,2,
SLIM*SIG2,72f13568-35b0-11f0-ac04-d88083763c00,SLIM-GSGP_2_sustavianfeed,52,142,14.54776668548584,0.0097231864929199,5701.0,7.428035259246826,133,32.77702331542969,2.0230153,2,
SLIM*SIG2,72f13568-35b0-11f0-ac04-d88083763c00,SLIM-GSGP_2_sustavianfeed,52,143,14.54755973815918,0.0128920078277587,5636.0,7.511052131652832,120,27.391775131225582,1.3598549,2,
SLIM*SIG2,72f13568-35b0-11f0-ac04-d88083763c00,SLIM-GSGP_2_sustavianfeed,52,144,14.54755973815918,0.0134172439575195,5675.0,7.511052131652832,120,33.33876419067383,1.7576349,2,
SLIM*SIG2,72f13568-35b0-11f0-ac04-d88083763c00,SLIM-GSGP_2_sustavianfeed,52,145,14.54755973815918,0.0116620063781738,5727.0,7.511052131652832,120,36.95123291015625,1.8008981,2,
SLIM*SIG2,72f13568-35b0-11f0-ac04-d88083763c00,SLIM-GSGP_2_sustavianfeed,52,146,14.54755973815918,0.0154898166656494,5688.0,7.511052131652832,120,42.31886672973633,2.0312047,2,
SLIM*SIG2,72f13568-35b0-11f0-ac04-d88083763c00,SLIM-GSGP_2_sustavianfeed,52,147,14.546979904174805,0.014113426208496,5597.0,7.517450332641602,133,48.62211227416992,3.3185475,2,
SLIM*SIG2,72f13568-35b0-11f0-ac04-d88083763c00,SLIM-GSGP_2_sustavianfeed,52,148,14.546979904174805,0.0132994651794433,5506.0,7.517450332641602,133,49.77413558959961,4.0025487,2,
SLIM*SIG2,72f13568-35b0-11f0-ac04-d88083763c00,SLIM-GSGP_2_sustavianfeed,52,149,14.54554843902588,0.0129756927490234,5636.0,7.873692035675049,107,56.25141143798828,2.58513,2,
SLIM*SIG2,72f13568-35b0-11f0-ac04-d88083763c00,SLIM-GSGP_2_sustavianfeed,52,150,14.54554843902588,0.0152420997619628,5701.0,7.873692035675049,107,65.60144805908203,2.7672932,2,
SLIM*SIG2,72f13568-35b0-11f0-ac04-d88083763c00,SLIM-GSGP_2_sustavianfeed,52,151,14.54554843902588,0.0140011310577392,5467.0,7.873692035675049,107,55.53312683105469,3.8833454,2,
SLIM*SIG2,72f13568-35b0-11f0-ac04-d88083763c00,SLIM-GSGP_2_sustavianfeed,52,152,14.54554843902588,0.0115692615509033,5701.0,7.873692035675049,107,60.98357391357422,3.1159267,2,
SLIM*SIG2,72f13568-35b0-11f0-ac04-d88083763c00,SLIM-GSGP_2_sustavianfeed,52,153,14.54554843902588,0.0106406211853027,5675.0,7.873692035675049,107,52.57554244995117,2.411899,2,
SLIM*SIG2,72f13568-35b0-11f0-ac04-d88083763c00,SLIM-GSGP_2_sustavianfeed,52,154,14.54554843902588,0.011977195739746,5675.0,7.873692035675049,107,58.57466125488281,4.331494,2,
SLIM*SIG2,72f13568-35b0-11f0-ac04-d88083763c00,SLIM-GSGP_2_sustavianfeed,52,155,14.54554843902588,0.0103368759155273,5389.0,7.873692035675049,107,35.234962463378906,2.7113981,2,
SLIM*SIG2,72f13568-35b0-11f0-ac04-d88083763c00,SLIM-GSGP_2_sustavianfeed,52,156,14.54554843902588,0.0115456581115722,5506.0,7.873692035675049,107,62.89310073852539,2.67841,2,
SLIM*SIG2,72f13568-35b0-11f0-ac04-d88083763c00,SLIM-GSGP_2_sustavianfeed,52,157,14.545421600341797,0.0136473178863525,5376.0,7.873729705810547,120,45.84733200073242,2.132369,2,
SLIM*SIG2,72f13568-35b0-11f0-ac04-d88083763c00,SLIM-GSGP_2_sustavianfeed,52,158,14.545421600341797,0.012566328048706,5376.0,7.873729705810547,120,45.90996170043945,3.3447359,2,
SLIM*SIG2,72f13568-35b0-11f0-ac04-d88083763c00,SLIM-GSGP_2_sustavianfeed,52,159,14.545421600341797,0.0115673542022705,5571.0,7.873729705810547,120,55.88837432861328,2.7905986,2,
SLIM*SIG2,72f13568-35b0-11f0-ac04-d88083763c00,SLIM-GSGP_2_sustavianfeed,52,160,14.545421600341797,0.0147509574890136,5649.0,7.873729705810547,120,55.69502639770508,2.1861923,2,
SLIM*SIG2,72f13568-35b0-11f0-ac04-d88083763c00,SLIM-GSGP_2_sustavianfeed,52,161,14.510856628417969,0.0145347118377685,5584.0,7.58482027053833,133,51.46245574951172,2.2649071,2,
SLIM*SIG2,72f13568-35b0-11f0-ac04-d88083763c00,SLIM-GSGP_2_sustavianfeed,52,162,14.510856628417969,0.0136215686798095,5909.0,7.58482027053833,133,57.0898551940918,5.5102186,2,
SLIM*SIG2,72f13568-35b0-11f0-ac04-d88083763c00,SLIM-GSGP_2_sustavianfeed,52,163,14.467437744140623,0.0114743709564208,6091.0,7.7105889320373535,120,50.46786880493164,2.4197648,2,
SLIM*SIG2,72f13568-35b0-11f0-ac04-d88083763c00,SLIM-GSGP_2_sustavianfeed,52,164,14.466187477111816,0.0132362842559814,5909.0,7.660170078277588,133,61.88554382324219,3.2154908,2,
SLIM*SIG2,72f13568-35b0-11f0-ac04-d88083763c00,SLIM-GSGP_2_sustavianfeed,52,165,14.466187477111816,0.0102708339691162,5883.0,7.660170078277588,133,44.59066390991211,2.5085428,2,
SLIM*SIG2,72f13568-35b0-11f0-ac04-d88083763c00,SLIM-GSGP_2_sustavianfeed,52,166,14.466187477111816,0.0098938941955566,6026.0,7.660170078277588,133,38.56194686889648,4.177195,2,
SLIM*SIG2,72f13568-35b0-11f0-ac04-d88083763c00,SLIM-GSGP_2_sustavianfeed,52,167,14.466187477111816,0.0123779773712158,5922.0,7.660170078277588,133,38.614837646484375,2.008943,2,
SLIM*SIG2,72f13568-35b0-11f0-ac04-d88083763c00,SLIM-GSGP_2_sustavianfeed,52,168,14.466187477111816,0.0132753849029541,5805.0,7.660170078277588,133,50.35674285888672,3.180154,2,
SLIM*SIG2,72f13568-35b0-11f0-ac04-d88083763c00,SLIM-GSGP_2_sustavianfeed,52,169,14.466187477111816,0.0100479125976562,5935.0,7.660170078277588,133,41.29829025268555,2.2230341,2,
SLIM*SIG2,72f13568-35b0-11f0-ac04-d88083763c00,SLIM-GSGP_2_sustavianfeed,52,170,14.466187477111816,0.0098316669464111,5961.0,7.660170078277588,133,30.596094131469727,1.5382876,2,
SLIM*SIG2,72f13568-35b0-11f0-ac04-d88083763c00,SLIM-GSGP_2_sustavianfeed,52,171,14.466187477111816,0.0094914436340332,5857.0,7.660170078277588,133,29.164175033569336,1.4848115,2,
SLIM*SIG2,72f13568-35b0-11f0-ac04-d88083763c00,SLIM-GSGP_2_sustavianfeed,52,172,14.466187477111816,0.0090768337249755,5961.0,7.660170078277588,133,50.11714553833008,2.3842037,2,
SLIM*SIG2,72f13568-35b0-11f0-ac04-d88083763c00,SLIM-GSGP_2_sustavianfeed,52,173,14.466187477111816,0.0099921226501464,6091.0,7.660170078277588,133,17.680076599121094,0.9136543,2,
SLIM*SIG2,72f13568-35b0-11f0-ac04-d88083763c00,SLIM-GSGP_2_sustavianfeed,52,174,14.466187477111816,0.0102500915527343,6026.0,7.660170078277588,133,49.90098190307617,2.3679338,2,
SLIM*SIG2,72f13568-35b0-11f0-ac04-d88083763c00,SLIM-GSGP_2_sustavianfeed,52,175,14.466187477111816,0.0105059146881103,6013.0,7.660170078277588,133,42.78330993652344,2.092263,2,
SLIM*SIG2,72f13568-35b0-11f0-ac04-d88083763c00,SLIM-GSGP_2_sustavianfeed,52,176,14.466187477111816,0.0104575157165527,6130.0,7.660170078277588,133,18.7326717376709,0.9137173,2,
SLIM*SIG2,72f13568-35b0-11f0-ac04-d88083763c00,SLIM-GSGP_2_sustavianfeed,52,177,14.466187477111816,0.0106270313262939,6169.0,7.660170078277588,133,47.32282257080078,2.2595797,2,
SLIM*SIG2,72f13568-35b0-11f0-ac04-d88083763c00,SLIM-GSGP_2_sustavianfeed,52,178,14.466187477111816,0.0117678642272949,6065.0,7.660170078277588,133,34.97306060791016,2.5850616,2,
SLIM*SIG2,72f13568-35b0-11f0-ac04-d88083763c00,SLIM-GSGP_2_sustavianfeed,52,179,14.466187477111816,0.0105211734771728,6000.0,7.660170078277588,133,44.03921508789063,2.541591,2,
SLIM*SIG2,72f13568-35b0-11f0-ac04-d88083763c00,SLIM-GSGP_2_sustavianfeed,52,180,14.466187477111816,0.010211706161499,6013.0,7.660170078277588,133,43.55327606201172,3.3539019,2,
SLIM*SIG2,72f13568-35b0-11f0-ac04-d88083763c00,SLIM-GSGP_2_sustavianfeed,52,181,14.466187477111816,0.0111212730407714,6091.0,7.660170078277588,133,44.80431365966797,2.215817,2,
SLIM*SIG2,72f13568-35b0-11f0-ac04-d88083763c00,SLIM-GSGP_2_sustavianfeed,52,182,14.466187477111816,0.0119485855102539,6013.0,7.660170078277588,133,40.43099212646485,2.1065555,2,
SLIM*SIG2,72f13568-35b0-11f0-ac04-d88083763c00,SLIM-GSGP_2_sustavianfeed,52,183,14.466187477111816,0.0129616260528564,5974.0,7.660170078277588,133,36.465763092041016,1.7378374,2,
SLIM*SIG2,72f13568-35b0-11f0-ac04-d88083763c00,SLIM-GSGP_2_sustavianfeed,52,184,14.466187477111816,0.0122897624969482,5857.0,7.660170078277588,133,56.57142639160156,4.0207324,2,
SLIM*SIG2,72f13568-35b0-11f0-ac04-d88083763c00,SLIM-GSGP_2_sustavianfeed,52,185,14.466187477111816,0.0113725662231445,5701.0,7.660170078277588,133,35.30427551269531,1.7777586,2,
SLIM*SIG2,72f13568-35b0-11f0-ac04-d88083763c00,SLIM-GSGP_2_sustavianfeed,52,186,14.466187477111816,0.019273042678833,6026.0,7.660170078277588,133,37.00910949707031,1.9355645,2,
SLIM*SIG2,72f13568-35b0-11f0-ac04-d88083763c00,SLIM-GSGP_2_sustavianfeed,52,187,14.466187477111816,0.0143947601318359,6026.0,7.660170078277588,133,32.2710075378418,2.0551157,2,
SLIM*SIG2,72f13568-35b0-11f0-ac04-d88083763c00,SLIM-GSGP_2_sustavianfeed,52,188,14.466187477111816,0.0101826190948486,6078.0,7.660170078277588,133,32.7868766784668,1.7597857,2,
SLIM*SIG2,72f13568-35b0-11f0-ac04-d88083763c00,SLIM-GSGP_2_sustavianfeed,52,189,14.466187477111816,0.011174201965332,6039.0,7.660170078277588,133,32.87874221801758,1.7283591,2,
SLIM*SIG2,72f13568-35b0-11f0-ac04-d88083763c00,SLIM-GSGP_2_sustavianfeed,52,190,14.466187477111816,0.0102598667144775,5961.0,7.660170078277588,133,43.12186813354492,2.0938957,2,
SLIM*SIG2,72f13568-35b0-11f0-ac04-d88083763c00,SLIM-GSGP_2_sustavianfeed,52,191,14.466187477111816,0.0134391784667968,6026.0,7.660170078277588,133,55.84992599487305,3.141337,2,
SLIM*SIG2,72f13568-35b0-11f0-ac04-d88083763c00,SLIM-GSGP_2_sustavianfeed,52,192,14.449807167053224,0.010047435760498,6026.0,7.578817844390869,133,50.401405334472656,2.663646,2,
SLIM*SIG2,72f13568-35b0-11f0-ac04-d88083763c00,SLIM-GSGP_2_sustavianfeed,52,193,14.449807167053224,0.0099709033966064,5909.0,7.578817844390869,133,56.55896759033203,4.151825,2,
SLIM*SIG2,72f13568-35b0-11f0-ac04-d88083763c00,SLIM-GSGP_2_sustavianfeed,52,194,14.449807167053224,0.0128262042999267,5727.0,7.578817844390869,133,42.877254486083984,4.1921325,2,
SLIM*SIG2,72f13568-35b0-11f0-ac04-d88083763c00,SLIM-GSGP_2_sustavianfeed,52,195,14.449807167053224,0.0141892433166503,5714.0,7.578817844390869,133,38.02248764038086,2.0950243,2,
SLIM*SIG2,72f13568-35b0-11f0-ac04-d88083763c00,SLIM-GSGP_2_sustavianfeed,52,196,14.449807167053224,0.011035680770874,5649.0,7.578817844390869,133,46.1865463256836,2.6103919,2,
SLIM*SIG2,72f13568-35b0-11f0-ac04-d88083763c00,SLIM-GSGP_2_sustavianfeed,52,197,14.449807167053224,0.0142598152160644,5714.0,7.578817844390869,133,56.1138801574707,3.135893,2,
SLIM*SIG2,72f13568-35b0-11f0-ac04-d88083763c00,SLIM-GSGP_2_sustavianfeed,52,198,14.449807167053224,0.0124764442443847,5818.0,7.578817844390869,133,58.54710006713867,3.9226718,2,
SLIM*SIG2,72f13568-35b0-11f0-ac04-d88083763c00,SLIM-GSGP_2_sustavianfeed,52,199,14.449807167053224,0.0124218463897705,6026.0,7.578817844390869,133,33.80524826049805,1.5622776,2,
SLIM*SIG2,72f13568-35b0-11f0-ac04-d88083763c00,SLIM-GSGP_2_sustavianfeed,52,200,14.449807167053224,0.0110735893249511,6013.0,7.578817844390869,133,25.70131492614746,1.3031436,2,
SLIM*SIG2,72f13568-35b0-11f0-ac04-d88083763c00,SLIM-GSGP_2_sustavianfeed,52,201,14.449807167053224,0.0090775489807128,6065.0,7.578817844390869,133,24.754472732543945,1.2619437,2,
SLIM*SIG2,72f13568-35b0-11f0-ac04-d88083763c00,SLIM-GSGP_2_sustavianfeed,52,202,14.449807167053224,0.0092089176177978,6065.0,7.578817844390869,133,39.686073303222656,1.9792079,2,
SLIM*SIG2,72f13568-35b0-11f0-ac04-d88083763c00,SLIM-GSGP_2_sustavianfeed,52,203,14.449807167053224,0.0094306468963623,6000.0,7.578817844390869,133,41.02341842651367,1.935715,2,
SLIM*SIG2,72f13568-35b0-11f0-ac04-d88083763c00,SLIM-GSGP_2_sustavianfeed,52,204,14.449807167053224,0.0086572170257568,5935.0,7.578817844390869,133,27.78791618347168,1.3987491,2,
SLIM*SIG2,72f13568-35b0-11f0-ac04-d88083763c00,SLIM-GSGP_2_sustavianfeed,52,205,14.449807167053224,0.0090634822845458,6013.0,7.578817844390869,133,47.30310821533203,2.3273497,2,
SLIM*SIG2,72f13568-35b0-11f0-ac04-d88083763c00,SLIM-GSGP_2_sustavianfeed,52,206,14.449807167053224,0.0088477134704589,6091.0,7.578817844390869,133,31.8516845703125,1.7067769,2,
SLIM*SIG2,72f13568-35b0-11f0-ac04-d88083763c00,SLIM-GSGP_2_sustavianfeed,52,207,14.449807167053224,0.0085432529449462,6143.0,7.578817844390869,133,18.23934555053711,0.9191592,2,
SLIM*SIG2,72f13568-35b0-11f0-ac04-d88083763c00,SLIM-GSGP_2_sustavianfeed,52,208,14.449807167053224,0.0101575851440429,6026.0,7.578817844390869,133,32.68561553955078,1.7472626,2,
SLIM*SIG2,72f13568-35b0-11f0-ac04-d88083763c00,SLIM-GSGP_2_sustavianfeed,52,209,14.449807167053224,0.008488655090332,6000.0,7.578817844390869,133,39.08647155761719,1.9374516,2,
SLIM*SIG2,72f13568-35b0-11f0-ac04-d88083763c00,SLIM-GSGP_2_sustavianfeed,52,210,14.449807167053224,0.0095784664154052,6052.0,7.578817844390869,133,46.74064636230469,2.200567,2,
SLIM*SIG2,72f13568-35b0-11f0-ac04-d88083763c00,SLIM-GSGP_2_sustavianfeed,52,211,14.449807167053224,0.0123429298400878,6039.0,7.578817844390869,133,39.437286376953125,3.317536,2,
SLIM*SIG2,72f13568-35b0-11f0-ac04-d88083763c00,SLIM-GSGP_2_sustavianfeed,52,212,14.449807167053224,0.0116491317749023,6026.0,7.578817844390869,133,32.12633514404297,1.562831,2,
SLIM*SIG2,72f13568-35b0-11f0-ac04-d88083763c00,SLIM-GSGP_2_sustavianfeed,52,213,14.449807167053224,0.0126979351043701,5961.0,7.578817844390869,133,37.73640060424805,1.9226702,2,
SLIM*SIG2,72f13568-35b0-11f0-ac04-d88083763c00,SLIM-GSGP_2_sustavianfeed,52,214,14.449807167053224,0.0128674507141113,6026.0,7.578817844390869,133,45.34865188598633,2.5495763,2,
SLIM*SIG2,72f13568-35b0-11f0-ac04-d88083763c00,SLIM-GSGP_2_sustavianfeed,52,215,14.449807167053224,0.0108089447021484,5935.0,7.578817844390869,133,38.587589263916016,2.009346,2,
SLIM*SIG2,72f13568-35b0-11f0-ac04-d88083763c00,SLIM-GSGP_2_sustavianfeed,52,216,14.449807167053224,0.0116262435913085,5974.0,7.578817844390869,133,32.606327056884766,1.8238254,2,
SLIM*SIG2,72f13568-35b0-11f0-ac04-d88083763c00,SLIM-GSGP_2_sustavianfeed,52,217,14.449807167053224,0.0131030082702636,5948.0,7.578817844390869,133,41.22575378417969,1.7903386,2,
SLIM*SIG2,72f13568-35b0-11f0-ac04-d88083763c00,SLIM-GSGP_2_sustavianfeed,52,218,14.449807167053224,0.0097203254699707,5896.0,7.578817844390869,133,35.28467559814453,1.8695624,2,
SLIM*SIG2,72f13568-35b0-11f0-ac04-d88083763c00,SLIM-GSGP_2_sustavianfeed,52,219,14.449807167053224,0.0120627880096435,5883.0,7.578817844390869,133,46.83283233642578,2.232621,2,
SLIM*SIG2,72f13568-35b0-11f0-ac04-d88083763c00,SLIM-GSGP_2_sustavianfeed,52,220,14.449807167053224,0.0104279518127441,5896.0,7.578817844390869,133,46.74642562866211,2.5411136,2,
SLIM*SIG2,72f13568-35b0-11f0-ac04-d88083763c00,SLIM-GSGP_2_sustavianfeed,52,221,14.449807167053224,0.0095632076263427,5883.0,7.578817844390869,133,26.92784118652344,1.476661,2,
SLIM*SIG2,72f13568-35b0-11f0-ac04-d88083763c00,SLIM-GSGP_2_sustavianfeed,52,222,14.449807167053224,0.0101053714752197,5948.0,7.578817844390869,133,41.704132080078125,3.8121586,2,
SLIM*SIG2,72f13568-35b0-11f0-ac04-d88083763c00,SLIM-GSGP_2_sustavianfeed,52,223,14.449807167053224,0.0115852355957031,5935.0,7.578817844390869,133,51.620601654052734,2.41421,2,
SLIM*SIG2,72f13568-35b0-11f0-ac04-d88083763c00,SLIM-GSGP_2_sustavianfeed,52,224,14.449807167053224,0.0127382278442382,5974.0,7.578817844390869,133,34.63642501831055,1.8409462,2,
SLIM*SIG2,72f13568-35b0-11f0-ac04-d88083763c00,SLIM-GSGP_2_sustavianfeed,52,225,14.449807167053224,0.0120501518249511,6091.0,7.578817844390869,133,25.025081634521484,1.2614716,2,
SLIM*SIG2,72f13568-35b0-11f0-ac04-d88083763c00,SLIM-GSGP_2_sustavianfeed,52,226,14.449807167053224,0.02821946144104,6143.0,7.578817844390869,133,35.156951904296875,1.8893619,2,
SLIM*SIG2,72f13568-35b0-11f0-ac04-d88083763c00,SLIM-GSGP_2_sustavianfeed,52,227,14.449807167053224,0.0137610435485839,6065.0,7.578817844390869,133,29.982553482055664,1.5229063,2,
SLIM*SIG2,72f13568-35b0-11f0-ac04-d88083763c00,SLIM-GSGP_2_sustavianfeed,52,228,14.449807167053224,0.0100855827331542,6039.0,7.578817844390869,133,42.40092468261719,3.8528037,2,
SLIM*SIG2,72f13568-35b0-11f0-ac04-d88083763c00,SLIM-GSGP_2_sustavianfeed,52,229,14.449807167053224,0.0144414901733398,6065.0,7.578817844390869,133,25.22794914245605,1.2607865,2,
SLIM*SIG2,72f13568-35b0-11f0-ac04-d88083763c00,SLIM-GSGP_2_sustavianfeed,52,230,14.449807167053224,0.0119740962982177,6065.0,7.578817844390869,133,30.08453750610352,1.4880685,2,
SLIM*SIG2,72f13568-35b0-11f0-ac04-d88083763c00,SLIM-GSGP_2_sustavianfeed,52,231,14.449807167053224,0.00999116897583,6078.0,7.578817844390869,133,37.74860000610352,1.9557053,2,
SLIM*SIG2,72f13568-35b0-11f0-ac04-d88083763c00,SLIM-GSGP_2_sustavianfeed,52,232,14.449807167053224,0.0099704265594482,6117.0,7.578817844390869,133,32.30698776245117,1.8483118,2,
SLIM*SIG2,72f13568-35b0-11f0-ac04-d88083763c00,SLIM-GSGP_2_sustavianfeed,52,233,14.449807167053224,0.0113904476165771,6013.0,7.578817844390869,133,26.767900466918945,1.3851957,2,
SLIM*SIG2,72f13568-35b0-11f0-ac04-d88083763c00,SLIM-GSGP_2_sustavianfeed,52,234,14.449807167053224,0.0139589309692382,5987.0,7.578817844390869,133,44.18011093139648,1.9618247,2,
SLIM*SIG2,72f13568-35b0-11f0-ac04-d88083763c00,SLIM-GSGP_2_sustavianfeed,52,235,14.449807167053224,0.0145275592803955,5935.0,7.578817844390869,133,42.871673583984375,1.91778,2,
SLIM*SIG2,72f13568-35b0-11f0-ac04-d88083763c00,SLIM-GSGP_2_sustavianfeed,52,236,14.449807167053224,0.0115895271301269,5987.0,7.578817844390869,133,42.09757995605469,2.1134562,2,
SLIM*SIG2,72f13568-35b0-11f0-ac04-d88083763c00,SLIM-GSGP_2_sustavianfeed,52,237,14.449807167053224,0.0135045051574707,5896.0,7.578817844390869,133,58.49053192138672,2.7965934,2,
SLIM*SIG2,72f13568-35b0-11f0-ac04-d88083763c00,SLIM-GSGP_2_sustavianfeed,52,238,14.449807167053224,0.0128884315490722,5961.0,7.578817844390869,133,46.18790435791016,2.226762,2,
SLIM*SIG2,72f13568-35b0-11f0-ac04-d88083763c00,SLIM-GSGP_2_sustavianfeed,52,239,14.449807167053224,0.0140674114227294,6065.0,7.578817844390869,133,50.590579986572266,2.4343486,2,
SLIM*SIG2,72f13568-35b0-11f0-ac04-d88083763c00,SLIM-GSGP_2_sustavianfeed,52,240,14.449807167053224,0.0117678642272949,5896.0,7.578817844390869,133,36.43423080444336,2.0138607,2,
SLIM*SIG2,72f13568-35b0-11f0-ac04-d88083763c00,SLIM-GSGP_2_sustavianfeed,52,241,14.449807167053224,0.011575698852539,5987.0,7.578817844390869,133,39.2562141418457,3.2361512,2,
SLIM*SIG2,72f13568-35b0-11f0-ac04-d88083763c00,SLIM-GSGP_2_sustavianfeed,52,242,14.449807167053224,0.0104198455810546,6078.0,7.578817844390869,133,42.83758163452149,2.8694577,2,
SLIM*SIG2,72f13568-35b0-11f0-ac04-d88083763c00,SLIM-GSGP_2_sustavianfeed,52,243,14.449807167053224,0.0110044479370117,6130.0,7.578817844390869,133,20.755163192749023,1.0461519,2,
SLIM*SIG2,72f13568-35b0-11f0-ac04-d88083763c00,SLIM-GSGP_2_sustavianfeed,52,244,14.449807167053224,0.0102677345275878,6208.0,7.578817844390869,133,32.23964309692383,1.7463031,2,
SLIM*SIG2,72f13568-35b0-11f0-ac04-d88083763c00,SLIM-GSGP_2_sustavianfeed,52,245,14.449807167053224,0.0108568668365478,6130.0,7.578817844390869,133,32.88098907470703,1.7460394,2,
SLIM*SIG2,72f13568-35b0-11f0-ac04-d88083763c00,SLIM-GSGP_2_sustavianfeed,52,246,14.449807167053224,0.0089499950408935,6182.0,7.578817844390869,133,41.781776428222656,2.2656686,2,
SLIM*SIG2,72f13568-35b0-11f0-ac04-d88083763c00,SLIM-GSGP_2_sustavianfeed,52,247,14.449807167053224,0.007944107055664,6091.0,7.578817844390869,133,45.20309829711914,2.2238257,2,
SLIM*SIG2,72f13568-35b0-11f0-ac04-d88083763c00,SLIM-GSGP_2_sustavianfeed,52,248,14.449807167053224,0.0088660717010498,6026.0,7.578817844390869,133,15.764036178588867,0.13792098,2,
SLIM*SIG2,72f13568-35b0-11f0-ac04-d88083763c00,SLIM-GSGP_2_sustavianfeed,52,249,14.449807167053224,0.0105013847351074,6143.0,7.578817844390869,133,39.422000885009766,2.0901227,2,
SLIM*SIG2,72f13568-35b0-11f0-ac04-d88083763c00,SLIM-GSGP_2_sustavianfeed,52,250,14.449807167053224,0.0105040073394775,6091.0,7.578817844390869,133,41.476318359375,2.0993617,2,
