StandardGSGP,9d7e0545-3695-11f0-8541-e4c00c958f86,GSGP_sustavianfeed,52,0,21.78656768798828,0.0061125755310058,150.0,22.168251037597656,3,tensor(2056567.),784990.44,2,"{'p_xo': 0.7, 'tournament_size': 2, 'prob_const': 0.7}"
StandardGSGP,9d7e0545-3695-11f0-8541-e4c00c958f86,GSGP_sustavianfeed,52,1,14.634072303771973,0.0037324428558349,702.0,16.207304000854492,17,tensor(1172.9471),187.95152,2,"{'p_xo': 0.7, 'tournament_size': 2, 'prob_const': 0.7}"
StandardGSGP,9d7e0545-3695-11f0-8541-e4c00c958f86,GSGP_sustavianfeed,52,2,14.248627662658691,0.0166032314300537,1570.0,9.04628849029541,45,tensor(367.3925),29.590036,2,"{'p_xo': 0.7, 'tournament_size': 2, 'prob_const': 0.7}"
StandardGSGP,9d7e0545-3695-11f0-8541-e4c00c958f86,GSGP_sustavianfeed,52,3,10.57114601135254,0.0011763572692871,2838.0,5.9293389320373535,49,tensor(312.6248),23.213238,2,"{'p_xo': 0.7, 'tournament_size': 2, 'prob_const': 0.7}"
StandardGSGP,9d7e0545-3695-11f0-8541-e4c00c958f86,GSGP_sustavianfeed,52,4,10.57114601135254,0.0004398822784423,4582.0,5.9293389320373535,49,tensor(219.9306),13.935169,2,"{'p_xo': 0.7, 'tournament_size': 2, 'prob_const': 0.7}"
StandardGSGP,9d7e0545-3695-11f0-8541-e4c00c958f86,GSGP_sustavianfeed,52,5,10.57114601135254,0.0188264846801757,7856.0,5.9293389320373535,49,tensor(163.9335),8.552372,2,"{'p_xo': 0.7, 'tournament_size': 2, 'prob_const': 0.7}"
StandardGSGP,9d7e0545-3695-11f0-8541-e4c00c958f86,GSGP_sustavianfeed,52,6,10.484134674072266,0.0243587493896484,12068.0,6.827767848968506,279,tensor(87.6757),3.2766552,2,"{'p_xo': 0.7, 'tournament_size': 2, 'prob_const': 0.7}"
StandardGSGP,9d7e0545-3695-11f0-8541-e4c00c958f86,GSGP_sustavianfeed,52,7,10.374350547790527,0.0052247047424316,20000.0,6.497483730316162,487,tensor(41.4672),0.97197354,2,"{'p_xo': 0.7, 'tournament_size': 2, 'prob_const': 0.7}"
StandardGSGP,9d7e0545-3695-11f0-8541-e4c00c958f86,GSGP_sustavianfeed,52,8,10.374350547790527,0.0162746906280517,34116.0,6.497483730316162,487,tensor(26.5430),0.40204751,2,"{'p_xo': 0.7, 'tournament_size': 2, 'prob_const': 0.7}"
StandardGSGP,9d7e0545-3695-11f0-8541-e4c00c958f86,GSGP_sustavianfeed,52,9,10.359989166259766,0.0166273117065429,52254.0,6.505125045776367,889,tensor(15.5401),0.13725404,2,"{'p_xo': 0.7, 'tournament_size': 2, 'prob_const': 0.7}"
StandardGSGP,9d7e0545-3695-11f0-8541-e4c00c958f86,GSGP_sustavianfeed,52,10,10.344449996948242,0.0166566371917724,82330.0,7.128862857818604,759,tensor(8.7521),0.05251086,2,"{'p_xo': 0.7, 'tournament_size': 2, 'prob_const': 0.7}"
StandardGSGP,9d7e0545-3695-11f0-8541-e4c00c958f86,GSGP_sustavianfeed,52,11,10.33887767791748,0.0166699886322021,132990.0,7.008437156677246,3171,tensor(5.8375),0.038901374,2,"{'p_xo': 0.7, 'tournament_size': 2, 'prob_const': 0.7}"
StandardGSGP,9d7e0545-3695-11f0-8541-e4c00c958f86,GSGP_sustavianfeed,52,12,10.330803871154783,0.0,210620.0,7.182032585144043,2079,tensor(5.2348),0.028973205,2,"{'p_xo': 0.7, 'tournament_size': 2, 'prob_const': 0.7}"
StandardGSGP,9d7e0545-3695-11f0-8541-e4c00c958f86,GSGP_sustavianfeed,52,13,10.324092864990234,0.0132303237915039,332118.0,7.05750036239624,3177,tensor(4.4930),0.021946993,2,"{'p_xo': 0.7, 'tournament_size': 2, 'prob_const': 0.7}"
StandardGSGP,9d7e0545-3695-11f0-8541-e4c00c958f86,GSGP_sustavianfeed,52,14,10.323599815368652,0.0029642581939697,449122.0,7.2159833908081055,2085,tensor(3.7768),0.017307758,2,"{'p_xo': 0.7, 'tournament_size': 2, 'prob_const': 0.7}"
StandardGSGP,9d7e0545-3695-11f0-8541-e4c00c958f86,GSGP_sustavianfeed,52,15,10.31314182281494,0.0162563323974609,655000.0,7.102130889892578,5835,tensor(3.4798),0.0151366955,2,"{'p_xo': 0.7, 'tournament_size': 2, 'prob_const': 0.7}"
StandardGSGP,9d7e0545-3695-11f0-8541-e4c00c958f86,GSGP_sustavianfeed,52,16,10.307639122009276,0.0167539119720459,1006904.0,7.290247917175293,8115,tensor(3.3559),0.014243703,2,"{'p_xo': 0.7, 'tournament_size': 2, 'prob_const': 0.7}"
StandardGSGP,9d7e0545-3695-11f0-8541-e4c00c958f86,GSGP_sustavianfeed,52,17,10.307639122009276,0.0162973403930664,1506002.0,7.290247917175293,8115,tensor(3.1102),0.014598172,2,"{'p_xo': 0.7, 'tournament_size': 2, 'prob_const': 0.7}"
StandardGSGP,9d7e0545-3695-11f0-8541-e4c00c958f86,GSGP_sustavianfeed,52,18,10.299429893493652,0.0151653289794921,2392582.0,7.293954372406006,11315,tensor(2.3621),0.010374288,2,"{'p_xo': 0.7, 'tournament_size': 2, 'prob_const': 0.7}"
StandardGSGP,9d7e0545-3695-11f0-8541-e4c00c958f86,GSGP_sustavianfeed,52,19,10.299283981323242,0.012995958328247,3684628.0,7.374642372131348,84477,tensor(2.4673),0.010995358,2,"{'p_xo': 0.7, 'tournament_size': 2, 'prob_const': 0.7}"
StandardGSGP,9d7e0545-3695-11f0-8541-e4c00c958f86,GSGP_sustavianfeed,52,20,10.287745475769045,0.001969575881958,6565450.0,7.168753623962402,116839,tensor(1.8414),0.0071034133,2,"{'p_xo': 0.7, 'tournament_size': 2, 'prob_const': 0.7}"
StandardGSGP,9d7e0545-3695-11f0-8541-e4c00c958f86,GSGP_sustavianfeed,52,21,10.287745475769045,0.0016777515411376,11096456.0,7.168753623962402,116839,tensor(1.6672),0.006321285,2,"{'p_xo': 0.7, 'tournament_size': 2, 'prob_const': 0.7}"
StandardGSGP,9d7e0545-3695-11f0-8541-e4c00c958f86,GSGP_sustavianfeed,52,22,10.287745475769045,0.0015187263488769,17795248.0,7.168753623962402,116839,tensor(1.7884),0.005445585,2,"{'p_xo': 0.7, 'tournament_size': 2, 'prob_const': 0.7}"
StandardGSGP,9d7e0545-3695-11f0-8541-e4c00c958f86,GSGP_sustavianfeed,52,23,10.285204887390137,0.0165827274322509,26274768.0,7.18766450881958,116845,tensor(1.7403),0.0065144543,2,"{'p_xo': 0.7, 'tournament_size': 2, 'prob_const': 0.7}"
StandardGSGP,9d7e0545-3695-11f0-8541-e4c00c958f86,GSGP_sustavianfeed,52,24,10.280920028686523,0.0166656970977783,46720040.0,7.204808235168457,382519,tensor(1.3886),0.005725445,2,"{'p_xo': 0.7, 'tournament_size': 2, 'prob_const': 0.7}"
StandardGSGP,9d7e0545-3695-11f0-8541-e4c00c958f86,GSGP_sustavianfeed,52,25,10.280920028686523,0.0253334045410156,82238052.0,7.204808235168457,382519,tensor(1.1750),0.0071558254,2,"{'p_xo': 0.7, 'tournament_size': 2, 'prob_const': 0.7}"
StandardGSGP,9d7e0545-3695-11f0-8541-e4c00c958f86,GSGP_sustavianfeed,52,26,10.275875091552734,0.0069859027862548,134648214.0,7.249892711639404,1841853,tensor(0.9958),0.0064987573,2,"{'p_xo': 0.7, 'tournament_size': 2, 'prob_const': 0.7}"
StandardGSGP,9d7e0545-3695-11f0-8541-e4c00c958f86,GSGP_sustavianfeed,52,27,10.272799491882324,0.0166385173797607,185594652.0,7.292985916137695,1841859,tensor(1.0556),0.005515206,2,"{'p_xo': 0.7, 'tournament_size': 2, 'prob_const': 0.7}"
StandardGSGP,9d7e0545-3695-11f0-8541-e4c00c958f86,GSGP_sustavianfeed,52,28,10.271275520324709,0.0165610313415527,277959468.0,7.320709228515625,1841859,tensor(1.2680),0.0044297623,2,"{'p_xo': 0.7, 'tournament_size': 2, 'prob_const': 0.7}"
StandardGSGP,9d7e0545-3695-11f0-8541-e4c00c958f86,GSGP_sustavianfeed,52,29,10.271275520324709,0.016711950302124,460795608.0,7.320709228515625,1841859,tensor(1.0881),0.005406658,2,"{'p_xo': 0.7, 'tournament_size': 2, 'prob_const': 0.7}"
StandardGSGP,9d7e0545-3695-11f0-8541-e4c00c958f86,GSGP_sustavianfeed,52,30,10.270021438598633,0.0167768001556396,799798464.0,7.305505275726318,15659055,tensor(1.3204),0.0036991583,2,"{'p_xo': 0.7, 'tournament_size': 2, 'prob_const': 0.7}"
StandardGSGP,9d7e0545-3695-11f0-8541-e4c00c958f86,GSGP_sustavianfeed,52,31,10.270021438598633,0.0154526233673095,1286421986.0,7.305505275726318,15659055,tensor(1.4678),0.0028982111,2,"{'p_xo': 0.7, 'tournament_size': 2, 'prob_const': 0.7}"
StandardGSGP,9d7e0545-3695-11f0-8541-e4c00c958f86,GSGP_sustavianfeed,52,32,10.268394470214844,0.0119988918304443,2191286448.0,7.345464706420898,15659061,tensor(1.4386),0.0027164242,2,"{'p_xo': 0.7, 'tournament_size': 2, 'prob_const': 0.7}"
StandardGSGP,9d7e0545-3695-11f0-8541-e4c00c958f86,GSGP_sustavianfeed,52,33,10.268238067626951,0.0029942989349365,3748310004.0,7.44204044342041,15659061,tensor(1.4311),0.001986719,2,"{'p_xo': 0.7, 'tournament_size': 2, 'prob_const': 0.7}"
StandardGSGP,9d7e0545-3695-11f0-8541-e4c00c958f86,GSGP_sustavianfeed,52,34,10.268238067626951,0.0164935588836669,6314586376.0,7.44204044342041,15659061,tensor(1.0824),0.001081505,2,"{'p_xo': 0.7, 'tournament_size': 2, 'prob_const': 0.7}"
StandardGSGP,9d7e0545-3695-11f0-8541-e4c00c958f86,GSGP_sustavianfeed,52,35,10.267827987670898,0.0167460441589355,10688879332.0,7.416067600250244,72749647,tensor(0.7870),0.0006460144,2,"{'p_xo': 0.7, 'tournament_size': 2, 'prob_const': 0.7}"
StandardGSGP,9d7e0545-3695-11f0-8541-e4c00c958f86,GSGP_sustavianfeed,52,36,10.267827987670898,0.0165755748748779,17400698710.0,7.416067600250244,72749647,tensor(1.1950),0.0018834039,2,"{'p_xo': 0.7, 'tournament_size': 2, 'prob_const': 0.7}"
StandardGSGP,9d7e0545-3695-11f0-8541-e4c00c958f86,GSGP_sustavianfeed,52,37,10.267815589904783,0.0168228149414062,23504919218.0,7.414198398590088,88408725,tensor(0.8665),0.0017214475,2,"{'p_xo': 0.7, 'tournament_size': 2, 'prob_const': 0.7}"
StandardGSGP,9d7e0545-3695-11f0-8541-e4c00c958f86,GSGP_sustavianfeed,52,38,10.2677640914917,0.0242187976837158,34479238552.0,7.402674198150635,1359066087,tensor(0.8016),0.0012743298,2,"{'p_xo': 0.7, 'tournament_size': 2, 'prob_const': 0.7}"
StandardGSGP,9d7e0545-3695-11f0-8541-e4c00c958f86,GSGP_sustavianfeed,52,39,10.2677640914917,0.0070183277130126,62097333098.0,7.402674198150635,1359066087,tensor(0.8378),0.0018912796,2,"{'p_xo': 0.7, 'tournament_size': 2, 'prob_const': 0.7}"
StandardGSGP,9d7e0545-3695-11f0-8541-e4c00c958f86,GSGP_sustavianfeed,52,40,10.2677640914917,0.0166702270507812,127089997726.0,7.402674198150635,1359066087,tensor(0.6295),0.0010453033,2,"{'p_xo': 0.7, 'tournament_size': 2, 'prob_const': 0.7}"
StandardGSGP,9d7e0545-3695-11f0-8541-e4c00c958f86,GSGP_sustavianfeed,52,41,10.26755714416504,0.0167701244354248,203665507034.0,7.411146640777588,1586778447,tensor(0.4256),0.0002604286,2,"{'p_xo': 0.7, 'tournament_size': 2, 'prob_const': 0.7}"
StandardGSGP,9d7e0545-3695-11f0-8541-e4c00c958f86,GSGP_sustavianfeed,52,42,10.26755714416504,0.0165395736694335,257824417020.0,7.411146640777588,1586778447,tensor(0.7644),0.0017636106,2,"{'p_xo': 0.7, 'tournament_size': 2, 'prob_const': 0.7}"
StandardGSGP,9d7e0545-3695-11f0-8541-e4c00c958f86,GSGP_sustavianfeed,52,43,10.26718521118164,0.0167751312255859,361789948782.0,7.422753810882568,7881154559,tensor(0.5804),0.0011712721,2,"{'p_xo': 0.7, 'tournament_size': 2, 'prob_const': 0.7}"
StandardGSGP,9d7e0545-3695-11f0-8541-e4c00c958f86,GSGP_sustavianfeed,52,44,10.26718521118164,0.0185377597808837,666325275098.0,7.422753810882568,7881154559,tensor(0.6256),0.0008860814,2,"{'p_xo': 0.7, 'tournament_size': 2, 'prob_const': 0.7}"
StandardGSGP,9d7e0545-3695-11f0-8541-e4c00c958f86,GSGP_sustavianfeed,52,45,10.26718521118164,0.0128180980682373,1040902337350.0,7.422753810882568,7881154559,tensor(0.7822),0.0010770208,2,"{'p_xo': 0.7, 'tournament_size': 2, 'prob_const': 0.7}"
StandardGSGP,9d7e0545-3695-11f0-8541-e4c00c958f86,GSGP_sustavianfeed,52,46,10.265996932983398,0.0161468982696533,1776723914724.0,7.38312292098999,36683026619,tensor(0.8593),0.0012169998,2,"{'p_xo': 0.7, 'tournament_size': 2, 'prob_const': 0.7}"
StandardGSGP,9d7e0545-3695-11f0-8541-e4c00c958f86,GSGP_sustavianfeed,52,47,10.265996932983398,0.016655683517456,2839900612588.0,7.38312292098999,36683026619,tensor(0.9865),0.0011771467,2,"{'p_xo': 0.7, 'tournament_size': 2, 'prob_const': 0.7}"
StandardGSGP,9d7e0545-3695-11f0-8541-e4c00c958f86,GSGP_sustavianfeed,52,48,10.265996932983398,0.0166602134704589,4181338416950.0,7.38312292098999,36683026619,tensor(0.7691),0.001776258,2,"{'p_xo': 0.7, 'tournament_size': 2, 'prob_const': 0.7}"
StandardGSGP,9d7e0545-3695-11f0-8541-e4c00c958f86,GSGP_sustavianfeed,52,49,10.265387535095217,0.0153408050537109,5635147729850.0,7.392346382141113,36683026631,tensor(0.8189),0.0010399572,2,"{'p_xo': 0.7, 'tournament_size': 2, 'prob_const': 0.7}"
StandardGSGP,9d7e0545-3695-11f0-8541-e4c00c958f86,GSGP_sustavianfeed,52,50,10.265387535095217,0.0,8772820150092.0,7.392346382141113,36683026631,tensor(0.6101),0.0006999361,2,"{'p_xo': 0.7, 'tournament_size': 2, 'prob_const': 0.7}"
StandardGSGP,9d7e0545-3695-11f0-8541-e4c00c958f86,GSGP_sustavianfeed,52,51,10.265387535095217,0.0132441520690917,13199180041922.0,7.392346382141113,36683026631,tensor(0.7502),0.001018271,2,"{'p_xo': 0.7, 'tournament_size': 2, 'prob_const': 0.7}"
StandardGSGP,9d7e0545-3695-11f0-8541-e4c00c958f86,GSGP_sustavianfeed,52,52,10.265387535095217,0.0027592182159423,21120970441622.0,7.392346382141113,36683026631,tensor(0.4353),0.00067534996,2,"{'p_xo': 0.7, 'tournament_size': 2, 'prob_const': 0.7}"
StandardGSGP,9d7e0545-3695-11f0-8541-e4c00c958f86,GSGP_sustavianfeed,52,53,10.265380859375,0.0166587829589843,28710853219464.0,7.397399425506592,146732106545,tensor(0.7931),0.0013604246,2,"{'p_xo': 0.7, 'tournament_size': 2, 'prob_const': 0.7}"
StandardGSGP,9d7e0545-3695-11f0-8541-e4c00c958f86,GSGP_sustavianfeed,52,54,10.265380859375,0.0304102897644042,45268071340600.0,7.397399425506592,146732106545,tensor(0.7137),0.0010616435,2,"{'p_xo': 0.7, 'tournament_size': 2, 'prob_const': 0.7}"
StandardGSGP,9d7e0545-3695-11f0-8541-e4c00c958f86,GSGP_sustavianfeed,52,55,10.265380859375,0.0013606548309326,71598924941310.0,7.397399425506592,146732106545,tensor(0.4312),0.00040247684,2,"{'p_xo': 0.7, 'tournament_size': 2, 'prob_const': 0.7}"
StandardGSGP,9d7e0545-3695-11f0-8541-e4c00c958f86,GSGP_sustavianfeed,52,56,10.265380859375,0.0,117113914961234.0,7.397399425506592,146732106545,tensor(0.5862),0.0013141315,2,"{'p_xo': 0.7, 'tournament_size': 2, 'prob_const': 0.7}"
StandardGSGP,9d7e0545-3695-11f0-8541-e4c00c958f86,GSGP_sustavianfeed,52,57,10.265357971191406,0.0262258052825927,183897818845808.0,7.397357940673828,2764696025603,tensor(0.5078),0.0008287223,2,"{'p_xo': 0.7, 'tournament_size': 2, 'prob_const': 0.7}"
StandardGSGP,9d7e0545-3695-11f0-8541-e4c00c958f86,GSGP_sustavianfeed,52,58,10.265097618103027,0.0060081481933593,275081758387100.0,7.392990112304687,3472173409279,tensor(0.3495),0.0002702015,2,"{'p_xo': 0.7, 'tournament_size': 2, 'prob_const': 0.7}"
StandardGSGP,9d7e0545-3695-11f0-8541-e4c00c958f86,GSGP_sustavianfeed,52,59,10.265097618103027,0.0165793895721435,488573545059510.0,7.392990112304687,3472173409279,tensor(1.0281),0.0027761227,2,"{'p_xo': 0.7, 'tournament_size': 2, 'prob_const': 0.7}"
StandardGSGP,9d7e0545-3695-11f0-8541-e4c00c958f86,GSGP_sustavianfeed,52,60,10.264659881591797,0.0167627334594726,891270218914282.0,7.399312496185303,11100775018455,tensor(0.5955),0.001506551,2,"{'p_xo': 0.7, 'tournament_size': 2, 'prob_const': 0.7}"
StandardGSGP,9d7e0545-3695-11f0-8541-e4c00c958f86,GSGP_sustavianfeed,52,61,10.26282024383545,0.0165712833404541,1530987803581478.0,7.393649101257324,3472173409285,tensor(0.7043),0.0015068237,2,"{'p_xo': 0.7, 'tournament_size': 2, 'prob_const': 0.7}"
StandardGSGP,9d7e0545-3695-11f0-8541-e4c00c958f86,GSGP_sustavianfeed,52,62,10.26282024383545,0.0167310237884521,2653064057398274.0,7.393649101257324,3472173409285,tensor(0.6461),0.0012718075,2,"{'p_xo': 0.7, 'tournament_size': 2, 'prob_const': 0.7}"
StandardGSGP,9d7e0545-3695-11f0-8541-e4c00c958f86,GSGP_sustavianfeed,52,63,10.26282024383545,0.0141844749450683,3974709109166360.0,7.393649101257324,3472173409285,tensor(0.5964),0.00071982807,2,"{'p_xo': 0.7, 'tournament_size': 2, 'prob_const': 0.7}"
StandardGSGP,9d7e0545-3695-11f0-8541-e4c00c958f86,GSGP_sustavianfeed,52,64,10.262348175048828,0.0020143985748291,5799348709796004.0,7.36936092376709,27959055297101,tensor(0.5637),0.0008303631,2,"{'p_xo': 0.7, 'tournament_size': 2, 'prob_const': 0.7}"
StandardGSGP,9d7e0545-3695-11f0-8541-e4c00c958f86,GSGP_sustavianfeed,52,65,10.262348175048828,0.0171265602111816,7828987365609040.0,7.36936092376709,27959055297101,tensor(0.6291),0.001279233,2,"{'p_xo': 0.7, 'tournament_size': 2, 'prob_const': 0.7}"
StandardGSGP,9d7e0545-3695-11f0-8541-e4c00c958f86,GSGP_sustavianfeed,52,66,10.262287139892578,0.0155644416809082,1.0258140072920944e+16,7.402378559112549,31431228706403,tensor(0.7368),0.00097567774,2,"{'p_xo': 0.7, 'tournament_size': 2, 'prob_const': 0.7}"
StandardGSGP,9d7e0545-3695-11f0-8541-e4c00c958f86,GSGP_sustavianfeed,52,67,10.261123657226562,0.0,1.3056966315501482e+16,7.365390300750732,31431228706403,tensor(0.7653),0.001158159,2,"{'p_xo': 0.7, 'tournament_size': 2, 'prob_const': 0.7}"
StandardGSGP,9d7e0545-3695-11f0-8541-e4c00c958f86,GSGP_sustavianfeed,52,68,10.261123657226562,0.0139334201812744,1.7984537404623494e+16,7.365390300750732,31431228706403,tensor(0.7162),0.001209886,2,"{'p_xo': 0.7, 'tournament_size': 2, 'prob_const': 0.7}"
StandardGSGP,9d7e0545-3695-11f0-8541-e4c00c958f86,GSGP_sustavianfeed,52,69,10.261123657226562,0.0130970478057861,2.7150386176585504e+16,7.365390300750732,31431228706403,tensor(0.7664),0.0009925881,2,"{'p_xo': 0.7, 'tournament_size': 2, 'prob_const': 0.7}"
StandardGSGP,9d7e0545-3695-11f0-8541-e4c00c958f86,GSGP_sustavianfeed,52,70,10.261032104492188,0.0027430057525634,4.619912399677527e+16,7.379090785980225,31431228706421,tensor(0.5756),0.001002173,2,"{'p_xo': 0.7, 'tournament_size': 2, 'prob_const': 0.7}"
StandardGSGP,9d7e0545-3695-11f0-8541-e4c00c958f86,GSGP_sustavianfeed,52,71,10.261025428771973,0.0164821147918701,6.8731035294356536e+16,7.381554126739502,31431228706427,tensor(0.3964),0.00050518365,2,"{'p_xo': 0.7, 'tournament_size': 2, 'prob_const': 0.7}"
StandardGSGP,9d7e0545-3695-11f0-8541-e4c00c958f86,GSGP_sustavianfeed,52,72,10.260090827941896,0.0167839527130126,1.081744796364593e+17,7.360787391662598,2874419337663525,tensor(0.6085),0.0010899642,2,"{'p_xo': 0.7, 'tournament_size': 2, 'prob_const': 0.7}"
StandardGSGP,9d7e0545-3695-11f0-8541-e4c00c958f86,GSGP_sustavianfeed,52,73,10.260090827941896,0.0166366100311279,1.8840082160165408e+17,7.360787391662598,2874419337663525,tensor(0.7501),0.001920222,2,"{'p_xo': 0.7, 'tournament_size': 2, 'prob_const': 0.7}"
StandardGSGP,9d7e0545-3695-11f0-8541-e4c00c958f86,GSGP_sustavianfeed,52,74,10.260090827941896,0.0167798995971679,3.1203045485643366e+17,7.360787391662598,2874419337663525,tensor(0.7177),0.0017912003,2,"{'p_xo': 0.7, 'tournament_size': 2, 'prob_const': 0.7}"
StandardGSGP,9d7e0545-3695-11f0-8541-e4c00c958f86,GSGP_sustavianfeed,52,75,10.259478569030762,0.0193254947662353,5.181767088050348e+17,7.390310287475586,2874419337663531,tensor(0.6461),0.0010849171,2,"{'p_xo': 0.7, 'tournament_size': 2, 'prob_const': 0.7}"
StandardGSGP,9d7e0545-3695-11f0-8541-e4c00c958f86,GSGP_sustavianfeed,52,76,10.25947093963623,0.0120978355407714,7.761405887857792e+17,7.390278816223144,19336419515144177,tensor(0.7383),0.001138391,2,"{'p_xo': 0.7, 'tournament_size': 2, 'prob_const': 0.7}"
StandardGSGP,9d7e0545-3695-11f0-8541-e4c00c958f86,GSGP_sustavianfeed,52,77,10.259431838989258,0.014711856842041,1.1422282498229384e+18,7.390227317810059,48119456686439189,tensor(0.8272),0.0018308334,2,"{'p_xo': 0.7, 'tournament_size': 2, 'prob_const': 0.7}"
StandardGSGP,9d7e0545-3695-11f0-8541-e4c00c958f86,GSGP_sustavianfeed,52,78,10.259428977966309,0.0220019817352294,1.8815972275971336e+18,7.3879852294921875,48119456686439195,tensor(0.8266),0.0016339375,2,"{'p_xo': 0.7, 'tournament_size': 2, 'prob_const': 0.7}"
StandardGSGP,9d7e0545-3695-11f0-8541-e4c00c958f86,GSGP_sustavianfeed,52,79,10.259329795837402,0.0085248947143554,3.654697862820919e+18,7.402199268341064,48119456686439195,tensor(0.6750),0.0014962258,2,"{'p_xo': 0.7, 'tournament_size': 2, 'prob_const': 0.7}"
StandardGSGP,9d7e0545-3695-11f0-8541-e4c00c958f86,GSGP_sustavianfeed,52,80,10.259329795837402,0.0166099071502685,5.999725126959739e+18,7.402199268341064,48119456686439195,tensor(1.0108),0.0027553693,2,"{'p_xo': 0.7, 'tournament_size': 2, 'prob_const': 0.7}"
StandardGSGP,9d7e0545-3695-11f0-8541-e4c00c958f86,GSGP_sustavianfeed,52,81,10.259329795837402,0.0233652591705322,1.06575197779746e+19,7.402199268341064,48119456686439195,tensor(0.5925),0.0009929826,2,"{'p_xo': 0.7, 'tournament_size': 2, 'prob_const': 0.7}"
StandardGSGP,9d7e0545-3695-11f0-8541-e4c00c958f86,GSGP_sustavianfeed,52,82,10.25914192199707,0.0088586807250976,1.7934092543532378e+19,7.41258430480957,219432429415342843,tensor(0.7603),0.0016478115,2,"{'p_xo': 0.7, 'tournament_size': 2, 'prob_const': 0.7}"
StandardGSGP,9d7e0545-3695-11f0-8541-e4c00c958f86,GSGP_sustavianfeed,52,83,10.258755683898926,0.0252277851104736,2.970284445909221e+19,7.380847930908203,510671688270629591,tensor(0.4834),0.00055990054,2,"{'p_xo': 0.7, 'tournament_size': 2, 'prob_const': 0.7}"
StandardGSGP,9d7e0545-3695-11f0-8541-e4c00c958f86,GSGP_sustavianfeed,52,84,10.258755683898926,0.0060064792633056,5.21414659300759e+19,7.380847930908203,510671688270629591,tensor(0.5051),0.00055921695,2,"{'p_xo': 0.7, 'tournament_size': 2, 'prob_const': 0.7}"
StandardGSGP,9d7e0545-3695-11f0-8541-e4c00c958f86,GSGP_sustavianfeed,52,85,10.258618354797363,0.0167169570922851,8.593223215664778e+19,7.379665851593018,1052694139959379231,tensor(0.5832),0.00058404973,2,"{'p_xo': 0.7, 'tournament_size': 2, 'prob_const': 0.7}"
StandardGSGP,9d7e0545-3695-11f0-8541-e4c00c958f86,GSGP_sustavianfeed,52,86,10.258618354797363,0.0168943405151367,1.4807466211694782e+20,7.379665851593018,1052694139959379231,tensor(0.8500),0.0007898551,2,"{'p_xo': 0.7, 'tournament_size': 2, 'prob_const': 0.7}"
StandardGSGP,9d7e0545-3695-11f0-8541-e4c00c958f86,GSGP_sustavianfeed,52,87,10.258590698242188,0.02423095703125,2.3876034815914285e+20,7.377490997314453,3134573326314644697,tensor(0.7927),0.00077588693,2,"{'p_xo': 0.7, 'tournament_size': 2, 'prob_const': 0.7}"
StandardGSGP,9d7e0545-3695-11f0-8541-e4c00c958f86,GSGP_sustavianfeed,52,88,10.258589744567873,0.006831407546997,3.381111056470974e+20,7.392740249633789,5456422760117693767,tensor(1.0373),0.0014336688,2,"{'p_xo': 0.7, 'tournament_size': 2, 'prob_const': 0.7}"
StandardGSGP,9d7e0545-3695-11f0-8541-e4c00c958f86,GSGP_sustavianfeed,52,89,10.258309364318848,0.0167043209075927,5.5156035128839766e+20,7.435040473937988,1052694139959379237,tensor(1.0001),0.0014316353,2,"{'p_xo': 0.7, 'tournament_size': 2, 'prob_const': 0.7}"
StandardGSGP,9d7e0545-3695-11f0-8541-e4c00c958f86,GSGP_sustavianfeed,52,90,10.25822639465332,0.0167322158813476,9.457364003527484e+20,7.406661033630371,16077061993799195417,tensor(0.6630),0.0011648525,2,"{'p_xo': 0.7, 'tournament_size': 2, 'prob_const': 0.7}"
StandardGSGP,9d7e0545-3695-11f0-8541-e4c00c958f86,GSGP_sustavianfeed,52,91,10.25822639465332,0.026515245437622,1.3715946435208914e+21,7.406661033630371,16077061993799195417,tensor(0.7487),0.0010784802,2,"{'p_xo': 0.7, 'tournament_size': 2, 'prob_const': 0.7}"
StandardGSGP,9d7e0545-3695-11f0-8541-e4c00c958f86,GSGP_sustavianfeed,52,92,10.25655460357666,0.0067694187164306,2.2833281273629125e+21,7.435270309448242,67838670733582796671,tensor(0.5560),0.0013980307,2,"{'p_xo': 0.7, 'tournament_size': 2, 'prob_const': 0.7}"
StandardGSGP,9d7e0545-3695-11f0-8541-e4c00c958f86,GSGP_sustavianfeed,52,93,10.25655460357666,0.0234415531158447,3.3379263970483535e+21,7.435270309448242,67838670733582796671,tensor(0.9267),0.0017491992,2,"{'p_xo': 0.7, 'tournament_size': 2, 'prob_const': 0.7}"
StandardGSGP,9d7e0545-3695-11f0-8541-e4c00c958f86,GSGP_sustavianfeed,52,94,10.25607967376709,0.0089588165283203,5.378393991419723e+21,7.408782005310059,67838670733582796677,tensor(1.2881),0.0025101553,2,"{'p_xo': 0.7, 'tournament_size': 2, 'prob_const': 0.7}"
StandardGSGP,9d7e0545-3695-11f0-8541-e4c00c958f86,GSGP_sustavianfeed,52,95,10.25607967376709,0.0165407657623291,9.061404865477028e+21,7.408782005310059,67838670733582796677,tensor(0.9426),0.0012101709,2,"{'p_xo': 0.7, 'tournament_size': 2, 'prob_const': 0.7}"
StandardGSGP,9d7e0545-3695-11f0-8541-e4c00c958f86,GSGP_sustavianfeed,52,96,10.256013870239258,0.0166120529174804,1.561572368063392e+22,7.40228796005249,67838670733582796683,tensor(0.8842),0.0012273748,2,"{'p_xo': 0.7, 'tournament_size': 2, 'prob_const': 0.7}"
StandardGSGP,9d7e0545-3695-11f0-8541-e4c00c958f86,GSGP_sustavianfeed,52,97,10.255945205688477,0.0168828964233398,2.355602148446392e+22,7.390142917633057,183745749691038746951,tensor(0.9222),0.00092277594,2,"{'p_xo': 0.7, 'tournament_size': 2, 'prob_const': 0.7}"
StandardGSGP,9d7e0545-3695-11f0-8541-e4c00c958f86,GSGP_sustavianfeed,52,98,10.255828857421877,0.0166893005371093,3.90251442794299e+22,7.340866565704346,498580168200890087739,tensor(0.8347),0.0009328672,2,"{'p_xo': 0.7, 'tournament_size': 2, 'prob_const': 0.7}"
StandardGSGP,9d7e0545-3695-11f0-8541-e4c00c958f86,GSGP_sustavianfeed,52,99,10.255714416503906,0.0160536766052246,6.246775002335288e+22,7.393191814422607,682325917891928834707,tensor(1.1044),0.0021889736,2,"{'p_xo': 0.7, 'tournament_size': 2, 'prob_const': 0.7}"
StandardGSGP,9d7e0545-3695-11f0-8541-e4c00c958f86,GSGP_sustavianfeed,52,100,10.255244255065918,0.0129997730255126,1.0921536016527708e+23,7.360545635223389,840838257401721770439,tensor(0.9453),0.0014750168,2,"{'p_xo': 0.7, 'tournament_size': 2, 'prob_const': 0.7}"
StandardGSGP,9d7e0545-3695-11f0-8541-e4c00c958f86,GSGP_sustavianfeed,52,101,10.255242347717283,0.01694917678833,1.869196498259899e+23,7.361048221588135,840838257401721770445,tensor(0.7605),0.00054922176,2,"{'p_xo': 0.7, 'tournament_size': 2, 'prob_const': 0.7}"
StandardGSGP,9d7e0545-3695-11f0-8541-e4c00c958f86,GSGP_sustavianfeed,52,102,10.25467300415039,0.0163838863372802,2.957601462098644e+23,7.417669296264648,1732372006675775883291,tensor(0.8853),0.0015821643,2,"{'p_xo': 0.7, 'tournament_size': 2, 'prob_const': 0.7}"
StandardGSGP,9d7e0545-3695-11f0-8541-e4c00c958f86,GSGP_sustavianfeed,52,103,10.25371265411377,0.0169484615325927,4.2574139114764656e+23,7.4283576011657715,4861513423853577753415,tensor(0.8388),0.0013925188,2,"{'p_xo': 0.7, 'tournament_size': 2, 'prob_const': 0.7}"
StandardGSGP,9d7e0545-3695-11f0-8541-e4c00c958f86,GSGP_sustavianfeed,52,104,10.25371265411377,0.0163602828979492,6.353984466707519e+23,7.4283576011657715,4861513423853577753415,tensor(0.9943),0.0015882177,2,"{'p_xo': 0.7, 'tournament_size': 2, 'prob_const': 0.7}"
StandardGSGP,9d7e0545-3695-11f0-8541-e4c00c958f86,GSGP_sustavianfeed,52,105,10.252769470214844,0.0266847610473632,1.0678465375214156e+24,7.3986897468566895,4861513423853577753421,tensor(0.9820),0.001732241,2,"{'p_xo': 0.7, 'tournament_size': 2, 'prob_const': 0.7}"
StandardGSGP,9d7e0545-3695-11f0-8541-e4c00c958f86,GSGP_sustavianfeed,52,106,10.252741813659668,0.0170423984527587,1.4963670753396714e+24,7.39483118057251,4861513423853577753427,tensor(0.7386),0.0012269628,2,"{'p_xo': 0.7, 'tournament_size': 2, 'prob_const': 0.7}"
StandardGSGP,9d7e0545-3695-11f0-8541-e4c00c958f86,GSGP_sustavianfeed,52,107,10.252729415893556,0.0023019313812255,2.388231620481907e+24,7.372132301330566,4861513423853577753433,tensor(0.6495),0.0009764174,2,"{'p_xo': 0.7, 'tournament_size': 2, 'prob_const': 0.7}"
StandardGSGP,9d7e0545-3695-11f0-8541-e4c00c958f86,GSGP_sustavianfeed,52,108,10.25270938873291,0.0146842002868652,4.111046203106333e+24,7.387589454650879,4861513423853577753433,tensor(0.5979),0.0011049107,2,"{'p_xo': 0.7, 'tournament_size': 2, 'prob_const': 0.7}"
StandardGSGP,9d7e0545-3695-11f0-8541-e4c00c958f86,GSGP_sustavianfeed,52,109,10.25270938873291,0.0140788555145263,6.034576595378389e+24,7.387589454650879,4861513423853577753433,tensor(0.6300),0.00072332425,2,"{'p_xo': 0.7, 'tournament_size': 2, 'prob_const': 0.7}"
StandardGSGP,9d7e0545-3695-11f0-8541-e4c00c958f86,GSGP_sustavianfeed,52,110,10.25268268585205,0.0021448135375976,9.853267998436927e+24,7.385712623596191,179080160320653671864871,tensor(0.8705),0.0014432868,2,"{'p_xo': 0.7, 'tournament_size': 2, 'prob_const': 0.7}"
StandardGSGP,9d7e0545-3695-11f0-8541-e4c00c958f86,GSGP_sustavianfeed,52,111,10.25268268585205,0.0275168418884277,1.6687291173960666e+25,7.385712623596191,179080160320653671864871,tensor(1.1518),0.0014300628,2,"{'p_xo': 0.7, 'tournament_size': 2, 'prob_const': 0.7}"
StandardGSGP,9d7e0545-3695-11f0-8541-e4c00c958f86,GSGP_sustavianfeed,52,112,10.25268268585205,0.0047619342803955,2.671756708088643e+25,7.385712623596191,179080160320653671864871,tensor(1.0377),0.0020991117,2,"{'p_xo': 0.7, 'tournament_size': 2, 'prob_const': 0.7}"
StandardGSGP,9d7e0545-3695-11f0-8541-e4c00c958f86,GSGP_sustavianfeed,52,113,10.25266933441162,0.0165636539459228,5.005075516270953e+25,7.397993564605713,991159799319914097612993,tensor(0.8117),0.0013653699,2,"{'p_xo': 0.7, 'tournament_size': 2, 'prob_const': 0.7}"
StandardGSGP,9d7e0545-3695-11f0-8541-e4c00c958f86,GSGP_sustavianfeed,52,114,10.25132179260254,0.01741623878479,7.909733277060403e+25,7.387505054473877,927137939065023813746933,tensor(0.9143),0.0010647791,2,"{'p_xo': 0.7, 'tournament_size': 2, 'prob_const': 0.7}"
StandardGSGP,9d7e0545-3695-11f0-8541-e4c00c958f86,GSGP_sustavianfeed,52,115,10.25132179260254,0.0165114402770996,1.310287400604887e+26,7.387505054473877,927137939065023813746933,tensor(0.8005),0.0008795291,2,"{'p_xo': 0.7, 'tournament_size': 2, 'prob_const': 0.7}"
StandardGSGP,9d7e0545-3695-11f0-8541-e4c00c958f86,GSGP_sustavianfeed,52,116,10.242311477661133,0.0193798542022705,2.030609977740192e+26,7.357419490814209,2087405058814246092915747,tensor(0.7193),0.002093377,2,"{'p_xo': 0.7, 'tournament_size': 2, 'prob_const': 0.7}"
StandardGSGP,9d7e0545-3695-11f0-8541-e4c00c958f86,GSGP_sustavianfeed,52,117,10.242311477661133,0.0128819942474365,3.522174825551187e+26,7.357419490814209,2087405058814246092915747,tensor(0.7973),0.0024125492,2,"{'p_xo': 0.7, 'tournament_size': 2, 'prob_const': 0.7}"
StandardGSGP,9d7e0545-3695-11f0-8541-e4c00c958f86,GSGP_sustavianfeed,52,118,10.242311477661133,0.0165636539459228,5.785558091557763e+26,7.357419490814209,2087405058814246092915747,tensor(0.7249),0.0028461749,2,"{'p_xo': 0.7, 'tournament_size': 2, 'prob_const': 0.7}"
StandardGSGP,9d7e0545-3695-11f0-8541-e4c00c958f86,GSGP_sustavianfeed,52,119,10.242311477661133,0.0152921676635742,7.93902845026556e+26,7.357419490814209,2087405058814246092915747,tensor(1.0799),0.0033424022,2,"{'p_xo': 0.7, 'tournament_size': 2, 'prob_const': 0.7}"
StandardGSGP,9d7e0545-3695-11f0-8541-e4c00c958f86,GSGP_sustavianfeed,52,120,10.242311477661133,0.0,1.2611827009026488e+27,7.357419490814209,2087405058814246092915747,tensor(0.9368),0.0036501633,2,"{'p_xo': 0.7, 'tournament_size': 2, 'prob_const': 0.7}"
StandardGSGP,9d7e0545-3695-11f0-8541-e4c00c958f86,GSGP_sustavianfeed,52,121,10.242311477661133,0.0166401863098144,1.3524603427284275e+27,7.357419490814209,2087405058814246092915747,tensor(0.9800),0.0024289899,2,"{'p_xo': 0.7, 'tournament_size': 2, 'prob_const': 0.7}"
StandardGSGP,9d7e0545-3695-11f0-8541-e4c00c958f86,GSGP_sustavianfeed,52,122,10.241425514221191,0.0194184780120849,1.9044068072574223e+27,7.394405364990234,45118625245648243193069793,tensor(0.9540),0.0017228244,2,"{'p_xo': 0.7, 'tournament_size': 2, 'prob_const': 0.7}"
StandardGSGP,9d7e0545-3695-11f0-8541-e4c00c958f86,GSGP_sustavianfeed,52,123,10.241425514221191,0.0128653049468994,2.6061970957309835e+27,7.394405364990234,45118625245648243193069793,tensor(0.9812),0.001285577,2,"{'p_xo': 0.7, 'tournament_size': 2, 'prob_const': 0.7}"
StandardGSGP,9d7e0545-3695-11f0-8541-e4c00c958f86,GSGP_sustavianfeed,52,124,10.241425514221191,0.0,4.1084389316373846e+27,7.394405364990234,45118625245648243193069793,tensor(0.8205),0.0008402145,2,"{'p_xo': 0.7, 'tournament_size': 2, 'prob_const': 0.7}"
StandardGSGP,9d7e0545-3695-11f0-8541-e4c00c958f86,GSGP_sustavianfeed,52,125,10.241418838500977,0.0166747570037841,6.415390314270196e+27,7.352367401123047,45118625245648243193069799,tensor(0.6841),0.0011407331,2,"{'p_xo': 0.7, 'tournament_size': 2, 'prob_const': 0.7}"
StandardGSGP,9d7e0545-3695-11f0-8541-e4c00c958f86,GSGP_sustavianfeed,52,126,10.241393089294434,0.0,9.80701744661032e+27,7.355081081390381,90237250491296486386139603,tensor(0.6085),0.0006272425,2,"{'p_xo': 0.7, 'tournament_size': 2, 'prob_const': 0.7}"
StandardGSGP,9d7e0545-3695-11f0-8541-e4c00c958f86,GSGP_sustavianfeed,52,127,10.24098300933838,0.0004501342773437,1.4610362071897244e+28,7.391191482543945,128346957331823676932420243,tensor(1.2162),0.0020234385,2,"{'p_xo': 0.7, 'tournament_size': 2, 'prob_const': 0.7}"
StandardGSGP,9d7e0545-3695-11f0-8541-e4c00c958f86,GSGP_sustavianfeed,52,128,10.24098300933838,0.016700267791748,2.6441447663015368e+28,7.391191482543945,128346957331823676932420243,tensor(0.7363),0.0008277645,2,"{'p_xo': 0.7, 'tournament_size': 2, 'prob_const': 0.7}"
StandardGSGP,9d7e0545-3695-11f0-8541-e4c00c958f86,GSGP_sustavianfeed,52,129,10.24098300933838,0.0275328159332275,4.511254243249727e+28,7.391191482543945,128346957331823676932420243,tensor(0.7894),0.0010601486,2,"{'p_xo': 0.7, 'tournament_size': 2, 'prob_const': 0.7}"
StandardGSGP,9d7e0545-3695-11f0-8541-e4c00c958f86,GSGP_sustavianfeed,52,130,10.240936279296877,0.0037126541137695,7.033956084381292e+28,7.382875442504883,256693914663647353864840503,tensor(0.7222),0.0008688443,2,"{'p_xo': 0.7, 'tournament_size': 2, 'prob_const': 0.7}"
StandardGSGP,9d7e0545-3695-11f0-8541-e4c00c958f86,GSGP_sustavianfeed,52,131,10.240936279296877,0.0016882419586181,1.0362353309719024e+29,7.382875442504883,256693914663647353864840503,tensor(0.7083),0.00055761257,2,"{'p_xo': 0.7, 'tournament_size': 2, 'prob_const': 0.7}"
StandardGSGP,9d7e0545-3695-11f0-8541-e4c00c958f86,GSGP_sustavianfeed,52,132,10.240923881530762,0.0165131092071533,1.463578385485743e+29,7.375898361206055,707892395166624573218486527,tensor(0.6366),0.00084910134,2,"{'p_xo': 0.7, 'tournament_size': 2, 'prob_const': 0.7}"
StandardGSGP,9d7e0545-3695-11f0-8541-e4c00c958f86,GSGP_sustavianfeed,52,133,10.239572525024414,0.016890525817871,2.4802646029641928e+29,7.385362148284912,2096201921396715417919861259,tensor(0.8475),0.0010320245,2,"{'p_xo': 0.7, 'tournament_size': 2, 'prob_const': 0.7}"
StandardGSGP,9d7e0545-3695-11f0-8541-e4c00c958f86,GSGP_sustavianfeed,52,134,10.239572525024414,0.0166261196136474,4.4951771342134686e+29,7.385362148284912,2096201921396715417919861259,tensor(1.0661),0.0018482404,2,"{'p_xo': 0.7, 'tournament_size': 2, 'prob_const': 0.7}"
StandardGSGP,9d7e0545-3695-11f0-8541-e4c00c958f86,GSGP_sustavianfeed,52,135,10.23710823059082,0.0262930393218994,6.705792733295347e+29,7.356719970703125,6799280523383433906672465067,tensor(0.6160),0.00080505275,2,"{'p_xo': 0.7, 'tournament_size': 2, 'prob_const': 0.7}"
StandardGSGP,9d7e0545-3695-11f0-8541-e4c00c958f86,GSGP_sustavianfeed,52,136,10.23710823059082,0.005969762802124,1.061095232091723e+30,7.356719970703125,6799280523383433906672465067,tensor(0.6402),0.001515571,2,"{'p_xo': 0.7, 'tournament_size': 2, 'prob_const': 0.7}"
StandardGSGP,9d7e0545-3695-11f0-8541-e4c00c958f86,GSGP_sustavianfeed,52,137,10.23589038848877,0.0166242122650146,1.6660334348816555e+30,7.537450313568115,2096201921396715417919861271,tensor(0.9039),0.0018059401,2,"{'p_xo': 0.7, 'tournament_size': 2, 'prob_const': 0.7}"
StandardGSGP,9d7e0545-3695-11f0-8541-e4c00c958f86,GSGP_sustavianfeed,52,138,10.235777854919434,0.0166425704956054,2.393531919164239e+30,7.537916660308838,2096201921396715417919861277,tensor(0.9594),0.0011906164,2,"{'p_xo': 0.7, 'tournament_size': 2, 'prob_const': 0.7}"
StandardGSGP,9d7e0545-3695-11f0-8541-e4c00c958f86,GSGP_sustavianfeed,52,139,10.233454704284668,0.0210978984832763,3.5841264229816106e+30,7.437263488769531,26564924936076949545517876645,tensor(1.5096),0.0020737934,2,"{'p_xo': 0.7, 'tournament_size': 2, 'prob_const': 0.7}"
StandardGSGP,9d7e0545-3695-11f0-8541-e4c00c958f86,GSGP_sustavianfeed,52,140,10.231136322021484,0.0123577117919921,4.200360696535864e+30,7.450926780700684,2096201921396715417919861277,tensor(1.9826),0.0030960278,2,"{'p_xo': 0.7, 'tournament_size': 2, 'prob_const': 0.7}"
StandardGSGP,9d7e0545-3695-11f0-8541-e4c00c958f86,GSGP_sustavianfeed,52,141,10.231123924255373,0.0224940776824951,6.614094814503007e+30,7.450692653656006,2096201921396715417919861283,tensor(1.8534),0.0034377433,2,"{'p_xo': 0.7, 'tournament_size': 2, 'prob_const': 0.7}"
StandardGSGP,9d7e0545-3695-11f0-8541-e4c00c958f86,GSGP_sustavianfeed,52,142,10.231123924255373,0.0097205638885498,1.1626944145903294e+31,7.450692653656006,2096201921396715417919861283,tensor(1.4057),0.0028393466,2,"{'p_xo': 0.7, 'tournament_size': 2, 'prob_const': 0.7}"
StandardGSGP,9d7e0545-3695-11f0-8541-e4c00c958f86,GSGP_sustavianfeed,52,143,10.228164672851562,0.0165410041809082,1.778275490729725e+31,7.356326103210449,59929130395537332997708218397,tensor(1.0368),0.0018362048,2,"{'p_xo': 0.7, 'tournament_size': 2, 'prob_const': 0.7}"
StandardGSGP,9d7e0545-3695-11f0-8541-e4c00c958f86,GSGP_sustavianfeed,52,144,10.228164672851562,0.0168557167053222,2.701739071585119e+31,7.356326103210449,59929130395537332997708218397,tensor(0.9719),0.0015082392,2,"{'p_xo': 0.7, 'tournament_size': 2, 'prob_const': 0.7}"
StandardGSGP,9d7e0545-3695-11f0-8541-e4c00c958f86,GSGP_sustavianfeed,52,145,10.228164672851562,0.016880989074707,3.494740172677781e+31,7.356326103210449,59929130395537332997708218397,tensor(1.2476),0.002347985,2,"{'p_xo': 0.7, 'tournament_size': 2, 'prob_const': 0.7}"
StandardGSGP,9d7e0545-3695-11f0-8541-e4c00c958f86,GSGP_sustavianfeed,52,146,10.226876258850098,0.0163397789001464,5.157114373794225e+31,7.378186225891113,75113218604507628576060128663,tensor(0.8216),0.00147114,2,"{'p_xo': 0.7, 'tournament_size': 2, 'prob_const': 0.7}"
StandardGSGP,9d7e0545-3695-11f0-8541-e4c00c958f86,GSGP_sustavianfeed,52,147,10.226611137390137,0.0246376991271972,5.675661394333199e+31,7.374714851379394,945510186842617251520905519547,tensor(0.7749),0.0012961299,2,"{'p_xo': 0.7, 'tournament_size': 2, 'prob_const': 0.7}"
StandardGSGP,9d7e0545-3695-11f0-8541-e4c00c958f86,GSGP_sustavianfeed,52,148,10.226324081420898,0.0067157745361328,7.980911846970111e+31,7.328537940979004,75113218604507628576060128669,tensor(0.6598),0.0013892371,2,"{'p_xo': 0.7, 'tournament_size': 2, 'prob_const': 0.7}"
StandardGSGP,9d7e0545-3695-11f0-8541-e4c00c958f86,GSGP_sustavianfeed,52,149,10.226324081420898,0.016489028930664,1.2833644916816972e+32,7.328537940979004,75113218604507628576060128669,tensor(0.6670),0.00087080896,2,"{'p_xo': 0.7, 'tournament_size': 2, 'prob_const': 0.7}"
StandardGSGP,9d7e0545-3695-11f0-8541-e4c00c958f86,GSGP_sustavianfeed,52,150,10.226324081420898,0.0167062282562255,1.9524295800824472e+32,7.328537940979004,75113218604507628576060128669,tensor(0.8092),0.0011620437,2,"{'p_xo': 0.7, 'tournament_size': 2, 'prob_const': 0.7}"
StandardGSGP,9d7e0545-3695-11f0-8541-e4c00c958f86,GSGP_sustavianfeed,52,151,10.22631549835205,0.016937255859375,3.163239317657993e+32,7.30752420425415,3555553975899611071450708627887,tensor(1.0872),0.0013325345,2,"{'p_xo': 0.7, 'tournament_size': 2, 'prob_const': 0.7}"
StandardGSGP,9d7e0545-3695-11f0-8541-e4c00c958f86,GSGP_sustavianfeed,52,152,10.226273536682127,0.0166146755218505,5.125635125182245e+32,7.317657947540283,6273260544976120331249474387533,tensor(1.1037),0.0011124145,2,"{'p_xo': 0.7, 'tournament_size': 2, 'prob_const': 0.7}"
StandardGSGP,9d7e0545-3695-11f0-8541-e4c00c958f86,GSGP_sustavianfeed,52,153,10.225574493408203,0.0282738208770751,6.606764489714832e+32,7.32690954208374,5252637139528995451152508739289,tensor(0.9516),0.00082477444,2,"{'p_xo': 0.7, 'tournament_size': 2, 'prob_const': 0.7}"
StandardGSGP,9d7e0545-3695-11f0-8541-e4c00c958f86,GSGP_sustavianfeed,52,154,10.225574493408203,0.0041096210479736,1.0632791593118518e+33,7.32690954208374,5252637139528995451152508739289,tensor(0.7980),0.0011576694,2,"{'p_xo': 0.7, 'tournament_size': 2, 'prob_const': 0.7}"
StandardGSGP,9d7e0545-3695-11f0-8541-e4c00c958f86,GSGP_sustavianfeed,52,155,10.225574493408203,0.0164098739624023,1.6256527580380996e+33,7.32690954208374,5252637139528995451152508739289,tensor(0.8327),0.00105469,2,"{'p_xo': 0.7, 'tournament_size': 2, 'prob_const': 0.7}"
StandardGSGP,9d7e0545-3695-11f0-8541-e4c00c958f86,GSGP_sustavianfeed,52,156,10.225448608398438,0.0166687965393066,2.6628170594027826e+33,7.329885959625244,41286339117934551525338429346737,tensor(0.7469),0.0008227864,2,"{'p_xo': 0.7, 'tournament_size': 2, 'prob_const': 0.7}"
StandardGSGP,9d7e0545-3695-11f0-8541-e4c00c958f86,GSGP_sustavianfeed,52,157,10.225430488586426,0.0167303085327148,4.266478282151779e+33,7.32893705368042,41286339117934551525338429346743,tensor(0.5809),0.0009859221,2,"{'p_xo': 0.7, 'tournament_size': 2, 'prob_const': 0.7}"
StandardGSGP,9d7e0545-3695-11f0-8541-e4c00c958f86,GSGP_sustavianfeed,52,158,10.225412368774414,0.0166244506835937,6.385042079039853e+33,7.3286871910095215,178729910242751743510833246901159,tensor(0.6612),0.0011555157,2,"{'p_xo': 0.7, 'tournament_size': 2, 'prob_const': 0.7}"
StandardGSGP,9d7e0545-3695-11f0-8541-e4c00c958f86,GSGP_sustavianfeed,52,159,10.22503662109375,0.0246140956878662,9.727203066439712e+33,7.347836017608643,145439095494843984487869270688665,tensor(0.6863),0.00076073554,2,"{'p_xo': 0.7, 'tournament_size': 2, 'prob_const': 0.7}"
StandardGSGP,9d7e0545-3695-11f0-8541-e4c00c958f86,GSGP_sustavianfeed,52,160,10.22503662109375,0.0068347454071044,1.6279509231231425e+34,7.347836017608643,145439095494843984487869270688665,tensor(0.6214),0.0011952658,2,"{'p_xo': 0.7, 'tournament_size': 2, 'prob_const': 0.7}"
StandardGSGP,9d7e0545-3695-11f0-8541-e4c00c958f86,GSGP_sustavianfeed,52,161,10.2249116897583,0.0243184566497802,2.911726850525536e+34,7.332127094268799,630291791673021092276261193467133,tensor(0.6292),0.0010944426,2,"{'p_xo': 0.7, 'tournament_size': 2, 'prob_const': 0.7}"
StandardGSGP,9d7e0545-3695-11f0-8541-e4c00c958f86,GSGP_sustavianfeed,52,162,10.224750518798828,0.0072436332702636,4.938886137621159e+34,7.331598281860352,315565348900877395026151344851245,tensor(0.8019),0.0016049863,2,"{'p_xo': 0.7, 'tournament_size': 2, 'prob_const': 0.7}"
StandardGSGP,9d7e0545-3695-11f0-8541-e4c00c958f86,GSGP_sustavianfeed,52,163,10.224750518798828,0.016660451889038,7.096896143620635e+34,7.331598281860352,315565348900877395026151344851245,tensor(0.6744),0.0006097713,2,"{'p_xo': 0.7, 'tournament_size': 2, 'prob_const': 0.7}"
StandardGSGP,9d7e0545-3695-11f0-8541-e4c00c958f86,GSGP_sustavianfeed,52,164,10.224735260009766,0.0261292457580566,1.157261134765498e+35,7.331869602203369,2991595528642002076626353250206951,tensor(0.7840),0.00072928134,2,"{'p_xo': 0.7, 'tournament_size': 2, 'prob_const': 0.7}"
StandardGSGP,9d7e0545-3695-11f0-8541-e4c00c958f86,GSGP_sustavianfeed,52,165,10.224410057067873,0.0142650604248046,1.7728344124422992e+35,7.345730304718018,3237468057935294308596549415643979,tensor(0.8234),0.0017002203,2,"{'p_xo': 0.7, 'tournament_size': 2, 'prob_const': 0.7}"
StandardGSGP,9d7e0545-3695-11f0-8541-e4c00c958f86,GSGP_sustavianfeed,52,166,10.224410057067873,0.0069155693054199,2.9571874315023165e+35,7.345730304718018,3237468057935294308596549415643979,tensor(0.5836),0.0008464203,2,"{'p_xo': 0.7, 'tournament_size': 2, 'prob_const': 0.7}"
StandardGSGP,9d7e0545-3695-11f0-8541-e4c00c958f86,GSGP_sustavianfeed,52,167,10.224410057067873,0.0165238380432128,4.90857501016696e+35,7.345730304718018,3237468057935294308596549415643979,tensor(0.8078),0.001616369,2,"{'p_xo': 0.7, 'tournament_size': 2, 'prob_const': 0.7}"
StandardGSGP,9d7e0545-3695-11f0-8541-e4c00c958f86,GSGP_sustavianfeed,52,168,10.224410057067873,0.0167293548583984,8.283078129273125e+35,7.345730304718018,3237468057935294308596549415643979,tensor(0.7817),0.0015390737,2,"{'p_xo': 0.7, 'tournament_size': 2, 'prob_const': 0.7}"
StandardGSGP,9d7e0545-3695-11f0-8541-e4c00c958f86,GSGP_sustavianfeed,52,169,10.224275588989258,0.0166752338409423,1.4812105066889212e+36,7.328207969665527,18322948326705179553744663521057187,tensor(0.8229),0.0013978643,2,"{'p_xo': 0.7, 'tournament_size': 2, 'prob_const': 0.7}"
StandardGSGP,9d7e0545-3695-11f0-8541-e4c00c958f86,GSGP_sustavianfeed,52,170,10.224275588989258,0.0166916847229003,2.5484950635513645e+36,7.328207969665527,18322948326705179553744663521057187,tensor(0.6324),0.0008819503,2,"{'p_xo': 0.7, 'tournament_size': 2, 'prob_const': 0.7}"
StandardGSGP,9d7e0545-3695-11f0-8541-e4c00c958f86,GSGP_sustavianfeed,52,171,10.223896980285645,0.0194566249847412,3.873994824691549e+36,7.310355186462402,28730014392010599369737269863427459,tensor(0.6350),0.0006662811,2,"{'p_xo': 0.7, 'tournament_size': 2, 'prob_const': 0.7}"
StandardGSGP,9d7e0545-3695-11f0-8541-e4c00c958f86,GSGP_sustavianfeed,52,172,10.223896980285645,0.011913776397705,6.151545753868966e+36,7.310355186462402,28730014392010599369737269863427459,tensor(0.5109),0.0007287538,2,"{'p_xo': 0.7, 'tournament_size': 2, 'prob_const': 0.7}"
StandardGSGP,9d7e0545-3695-11f0-8541-e4c00c958f86,GSGP_sustavianfeed,52,173,10.223370552062988,0.016526460647583,9.670009283988158e+36,7.331214427947998,59197453511417840171656653071990499,tensor(0.5775),0.0006466346,2,"{'p_xo': 0.7, 'tournament_size': 2, 'prob_const': 0.7}"
StandardGSGP,9d7e0545-3695-11f0-8541-e4c00c958f86,GSGP_sustavianfeed,52,174,10.223370552062988,0.0165812969207763,1.582017249329924e+37,7.331214427947998,59197453511417840171656653071990499,tensor(0.6255),0.00067110773,2,"{'p_xo': 0.7, 'tournament_size': 2, 'prob_const': 0.7}"
StandardGSGP,9d7e0545-3695-11f0-8541-e4c00c958f86,GSGP_sustavianfeed,52,175,10.22325325012207,0.0169253349304199,2.4693535362052014e+37,7.314584732055664,442015057840680976054478719689822341,tensor(0.9374),0.0022074892,2,"{'p_xo': 0.7, 'tournament_size': 2, 'prob_const': 0.7}"
StandardGSGP,9d7e0545-3695-11f0-8541-e4c00c958f86,GSGP_sustavianfeed,52,176,10.223221778869627,0.016528844833374,4.000854034319325e+37,7.357895851135254,1310675969697982510912146258443955303,tensor(0.7460),0.0014192312,2,"{'p_xo': 0.7, 'tournament_size': 2, 'prob_const': 0.7}"
StandardGSGP,9d7e0545-3695-11f0-8541-e4c00c958f86,GSGP_sustavianfeed,52,177,10.222957611083984,0.0194447040557861,5.892860244702904e+37,7.355494022369385,1621686620881727665723233439468707977,tensor(0.9821),0.0021483605,2,"{'p_xo': 0.7, 'tournament_size': 2, 'prob_const': 0.7}"
StandardGSGP,9d7e0545-3695-11f0-8541-e4c00c958f86,GSGP_sustavianfeed,52,178,10.222683906555176,0.0117907524108886,9.503116787185457e+37,7.353333950042725,1194067713696783919108749367370718521,tensor(0.9590),0.0014700877,2,"{'p_xo': 0.7, 'tournament_size': 2, 'prob_const': 0.7}"
StandardGSGP,9d7e0545-3695-11f0-8541-e4c00c958f86,GSGP_sustavianfeed,52,179,10.222683906555176,0.0166788101196289,1.6016589660466445e+38,7.353333950042725,1194067713696783919108749367370718521,tensor(0.6936),0.00048516094,2,"{'p_xo': 0.7, 'tournament_size': 2, 'prob_const': 0.7}"
StandardGSGP,9d7e0545-3695-11f0-8541-e4c00c958f86,GSGP_sustavianfeed,52,180,10.221339225769045,0.016770601272583,2.8971610606908797e+38,7.378243923187256,4757686158499971398786391615622970963,tensor(0.7707),0.00091505505,2,"{'p_xo': 0.7, 'tournament_size': 2, 'prob_const': 0.7}"
StandardGSGP,9d7e0545-3695-11f0-8541-e4c00c958f86,GSGP_sustavianfeed,52,181,10.221339225769045,0.0597915649414062,4.7692070926950824e+38,7.378243923187256,4757686158499971398786391615622970963,tensor(0.6212),0.00068681623,2,"{'p_xo': 0.7, 'tournament_size': 2, 'prob_const': 0.7}"
StandardGSGP,9d7e0545-3695-11f0-8541-e4c00c958f86,GSGP_sustavianfeed,52,182,10.221339225769045,0.0229055881500244,8.095784360423126e+38,7.378243923187256,4757686158499971398786391615622970963,tensor(0.8115),0.0010732613,2,"{'p_xo': 0.7, 'tournament_size': 2, 'prob_const': 0.7}"
StandardGSGP,9d7e0545-3695-11f0-8541-e4c00c958f86,GSGP_sustavianfeed,52,183,10.221046447753906,0.0248291492462158,1.2121469307781847e+39,7.364352703094482,4757686158499971398786391615622970975,tensor(0.8516),0.0011237621,2,"{'p_xo': 0.7, 'tournament_size': 2, 'prob_const': 0.7}"
StandardGSGP,9d7e0545-3695-11f0-8541-e4c00c958f86,GSGP_sustavianfeed,52,184,10.221046447753906,0.0226056575775146,2.0441033084716428e+39,7.364352703094482,4757686158499971398786391615622970975,tensor(0.8999),0.0013060992,2,"{'p_xo': 0.7, 'tournament_size': 2, 'prob_const': 0.7}"
StandardGSGP,9d7e0545-3695-11f0-8541-e4c00c958f86,GSGP_sustavianfeed,52,185,10.221046447753906,0.0213663578033447,3.5614870974931326e+39,7.364352703094482,4757686158499971398786391615622970975,tensor(0.7246),0.00076578354,2,"{'p_xo': 0.7, 'tournament_size': 2, 'prob_const': 0.7}"
StandardGSGP,9d7e0545-3695-11f0-8541-e4c00c958f86,GSGP_sustavianfeed,52,186,10.220800399780272,0.0253674983978271,5.426093039564149e+39,7.303884506225586,40960615985574565053694512922555966419,tensor(0.9948),0.0013115839,2,"{'p_xo': 0.7, 'tournament_size': 2, 'prob_const': 0.7}"
StandardGSGP,9d7e0545-3695-11f0-8541-e4c00c958f86,GSGP_sustavianfeed,52,187,10.220800399780272,0.0154893398284912,8.891208130059088e+39,7.303884506225586,40960615985574565053694512922555966419,tensor(0.7870),0.0005459209,2,"{'p_xo': 0.7, 'tournament_size': 2, 'prob_const': 0.7}"
StandardGSGP,9d7e0545-3695-11f0-8541-e4c00c958f86,GSGP_sustavianfeed,52,188,10.220789909362791,0.0168173313140869,1.3148993572935095e+40,7.30495548248291,40960615985574565053694512922555966425,tensor(1.0831),0.0011577453,2,"{'p_xo': 0.7, 'tournament_size': 2, 'prob_const': 0.7}"
StandardGSGP,9d7e0545-3695-11f0-8541-e4c00c958f86,GSGP_sustavianfeed,52,189,10.220613479614258,0.022310733795166,2.3751546166055166e+40,7.349086761474609,784056350177359127777341496975617032251,tensor(0.8762),0.000941214,2,"{'p_xo': 0.7, 'tournament_size': 2, 'prob_const': 0.7}"
StandardGSGP,9d7e0545-3695-11f0-8541-e4c00c958f86,GSGP_sustavianfeed,52,190,10.220219612121582,0.0089712142944335,3.5092644111890505e+40,7.330134868621826,645791510111001679414017884122751193383,tensor(0.9050),0.0009972457,2,"{'p_xo': 0.7, 'tournament_size': 2, 'prob_const': 0.7}"
StandardGSGP,9d7e0545-3695-11f0-8541-e4c00c958f86,GSGP_sustavianfeed,52,191,10.220219612121582,0.0269644260406494,5.419400227630393e+40,7.330134868621826,645791510111001679414017884122751193383,tensor(0.7038),0.0009357269,2,"{'p_xo': 0.7, 'tournament_size': 2, 'prob_const': 0.7}"
StandardGSGP,9d7e0545-3695-11f0-8541-e4c00c958f86,GSGP_sustavianfeed,52,192,10.220219612121582,0.01812744140625,9.182094733075328e+40,7.330134868621826,645791510111001679414017884122751193383,tensor(0.7193),0.00088560383,2,"{'p_xo': 0.7, 'tournament_size': 2, 'prob_const': 0.7}"
StandardGSGP,9d7e0545-3695-11f0-8541-e4c00c958f86,GSGP_sustavianfeed,52,193,10.22019100189209,0.0190901756286621,1.7534222292503096e+41,7.345160961151123,1429847860288360807191359381098368225645,tensor(0.5264),0.0007108725,2,"{'p_xo': 0.7, 'tournament_size': 2, 'prob_const': 0.7}"
StandardGSGP,9d7e0545-3695-11f0-8541-e4c00c958f86,GSGP_sustavianfeed,52,194,10.219290733337402,0.0169930458068847,2.654897923035451e+41,7.349589824676514,1559690728475213196290119075285352368379,tensor(0.4227),0.00042771146,2,"{'p_xo': 0.7, 'tournament_size': 2, 'prob_const': 0.7}"
StandardGSGP,9d7e0545-3695-11f0-8541-e4c00c958f86,GSGP_sustavianfeed,52,195,10.219290733337402,0.0173244476318359,3.7486925784640906e+41,7.349589824676514,1559690728475213196290119075285352368379,tensor(0.5136),0.00043314652,2,"{'p_xo': 0.7, 'tournament_size': 2, 'prob_const': 0.7}"
StandardGSGP,9d7e0545-3695-11f0-8541-e4c00c958f86,GSGP_sustavianfeed,52,196,10.219265937805176,0.0061795711517333,5.409732293372535e+41,7.34684419631958,1559690728475213196290119075285352368385,tensor(0.6135),0.0005465931,2,"{'p_xo': 0.7, 'tournament_size': 2, 'prob_const': 0.7}"
StandardGSGP,9d7e0545-3695-11f0-8541-e4c00c958f86,GSGP_sustavianfeed,52,197,10.219265937805176,0.0333156585693359,8.284448755725543e+41,7.34684419631958,1559690728475213196290119075285352368385,tensor(0.8995),0.0015985696,2,"{'p_xo': 0.7, 'tournament_size': 2, 'prob_const': 0.7}"
StandardGSGP,9d7e0545-3695-11f0-8541-e4c00c958f86,GSGP_sustavianfeed,52,198,10.219232559204102,0.0151898860931396,1.2414399311942934e+42,7.339229583740234,15268254058980331810459095839916701113543,tensor(0.7855),0.00086490245,2,"{'p_xo': 0.7, 'tournament_size': 2, 'prob_const': 0.7}"
StandardGSGP,9d7e0545-3695-11f0-8541-e4c00c958f86,GSGP_sustavianfeed,52,199,10.219038009643556,0.0209460258483886,1.960698835919956e+42,7.35510778427124,16525390205127294282656802283879464416299,tensor(0.9299),0.0020864448,2,"{'p_xo': 0.7, 'tournament_size': 2, 'prob_const': 0.7}"
StandardGSGP,9d7e0545-3695-11f0-8541-e4c00c958f86,GSGP_sustavianfeed,52,200,10.219038009643556,0.0098547935485839,2.930576275834737e+42,7.35510778427124,16525390205127294282656802283879464416299,tensor(0.6634),0.0010578075,2,"{'p_xo': 0.7, 'tournament_size': 2, 'prob_const': 0.7}"
StandardGSGP,9d7e0545-3695-11f0-8541-e4c00c958f86,GSGP_sustavianfeed,52,201,10.218871116638184,0.016547679901123,5.263356467934045e+42,7.35482931137085,69569617793203448200999396191185969771141,tensor(0.4599),0.00028014707,2,"{'p_xo': 0.7, 'tournament_size': 2, 'prob_const': 0.7}"
StandardGSGP,9d7e0545-3695-11f0-8541-e4c00c958f86,GSGP_sustavianfeed,52,202,10.218669891357422,0.0166423320770263,8.215119631702978e+42,7.350017547607422,69569617793203448200999396191185969771147,tensor(0.7354),0.0011469417,2,"{'p_xo': 0.7, 'tournament_size': 2, 'prob_const': 0.7}"
StandardGSGP,9d7e0545-3695-11f0-8541-e4c00c958f86,GSGP_sustavianfeed,52,203,10.218669891357422,0.0177693367004394,1.4454010383059148e+43,7.350017547607422,69569617793203448200999396191185969771147,tensor(0.8719),0.001725827,2,"{'p_xo': 0.7, 'tournament_size': 2, 'prob_const': 0.7}"
StandardGSGP,9d7e0545-3695-11f0-8541-e4c00c958f86,GSGP_sustavianfeed,52,204,10.218669891357422,0.0132052898406982,2.329478400834474e+43,7.350017547607422,69569617793203448200999396191185969771147,tensor(0.7051),0.0014048356,2,"{'p_xo': 0.7, 'tournament_size': 2, 'prob_const': 0.7}"
StandardGSGP,9d7e0545-3695-11f0-8541-e4c00c958f86,GSGP_sustavianfeed,52,205,10.218578338623049,0.016838788986206,3.5743449625605187e+43,7.34645938873291,910151875986138352474038530778482123068095,tensor(0.9617),0.00175526,2,"{'p_xo': 0.7, 'tournament_size': 2, 'prob_const': 0.7}"
StandardGSGP,9d7e0545-3695-11f0-8541-e4c00c958f86,GSGP_sustavianfeed,52,206,10.218570709228516,0.0140540599822998,6.013628910985176e+43,7.3351731300354,1349577332860433065006303076331544716648791,tensor(0.6296),0.00056155986,2,"{'p_xo': 0.7, 'tournament_size': 2, 'prob_const': 0.7}"
StandardGSGP,9d7e0545-3695-11f0-8541-e4c00c958f86,GSGP_sustavianfeed,52,207,10.21792697906494,0.0148613452911376,1.0786915992219254e+44,7.387192249298096,1463793464623931899235225947489145953276623,tensor(0.6606),0.00065535656,2,"{'p_xo': 0.7, 'tournament_size': 2, 'prob_const': 0.7}"
StandardGSGP,9d7e0545-3695-11f0-8541-e4c00c958f86,GSGP_sustavianfeed,52,208,10.21782684326172,0.0,1.804459168524759e+44,7.384303569793701,1463793464623931899235225947489145953276629,tensor(0.6870),0.00057985744,2,"{'p_xo': 0.7, 'tournament_size': 2, 'prob_const': 0.7}"
StandardGSGP,9d7e0545-3695-11f0-8541-e4c00c958f86,GSGP_sustavianfeed,52,209,10.217769622802734,0.0138847827911376,2.8753256757015595e+44,7.383511543273926,1463793464623931899235225947489145953276635,tensor(0.9591),0.0015792715,2,"{'p_xo': 0.7, 'tournament_size': 2, 'prob_const': 0.7}"
StandardGSGP,9d7e0545-3695-11f0-8541-e4c00c958f86,GSGP_sustavianfeed,52,210,10.216590881347656,0.0,5.2994095640923705e+44,7.306066989898682,1463793464623931899235225947489145953276629,tensor(0.7299),0.0007659311,2,"{'p_xo': 0.7, 'tournament_size': 2, 'prob_const': 0.7}"
StandardGSGP,9d7e0545-3695-11f0-8541-e4c00c958f86,GSGP_sustavianfeed,52,211,10.216590881347656,0.0146236419677734,7.74790493329198e+44,7.306066989898682,1463793464623931899235225947489145953276629,tensor(0.9454),0.0019284812,2,"{'p_xo': 0.7, 'tournament_size': 2, 'prob_const': 0.7}"
StandardGSGP,9d7e0545-3695-11f0-8541-e4c00c958f86,GSGP_sustavianfeed,52,212,10.216590881347656,0.0136303901672363,1.1830745498926587e+45,7.306066989898682,1463793464623931899235225947489145953276629,tensor(0.8888),0.001601052,2,"{'p_xo': 0.7, 'tournament_size': 2, 'prob_const': 0.7}"
StandardGSGP,9d7e0545-3695-11f0-8541-e4c00c958f86,GSGP_sustavianfeed,52,213,10.214308738708496,0.0030386447906494,1.668634216923196e+45,7.335231781005859,27105971327229713001776385139653741119690603,tensor(0.9115),0.0019580417,2,"{'p_xo': 0.7, 'tournament_size': 2, 'prob_const': 0.7}"
StandardGSGP,9d7e0545-3695-11f0-8541-e4c00c958f86,GSGP_sustavianfeed,52,214,10.214308738708496,0.016064167022705,2.607409224035613e+45,7.335231781005859,27105971327229713001776385139653741119690603,tensor(0.6718),0.0007916988,2,"{'p_xo': 0.7, 'tournament_size': 2, 'prob_const': 0.7}"
StandardGSGP,9d7e0545-3695-11f0-8541-e4c00c958f86,GSGP_sustavianfeed,52,215,10.214308738708496,0.0170776844024658,4.036780859476175e+45,7.335231781005859,27105971327229713001776385139653741119690603,tensor(0.5733),0.00093657,2,"{'p_xo': 0.7, 'tournament_size': 2, 'prob_const': 0.7}"
StandardGSGP,9d7e0545-3695-11f0-8541-e4c00c958f86,GSGP_sustavianfeed,52,216,10.214308738708496,0.016763687133789,6.517726158205403e+45,7.335231781005859,27105971327229713001776385139653741119690603,tensor(0.6317),0.0011398321,2,"{'p_xo': 0.7, 'tournament_size': 2, 'prob_const': 0.7}"
StandardGSGP,9d7e0545-3695-11f0-8541-e4c00c958f86,GSGP_sustavianfeed,52,217,10.214308738708496,0.0227982997894287,1.0590563534027317e+46,7.335231781005859,27105971327229713001776385139653741119690603,tensor(0.6692),0.0017072234,2,"{'p_xo': 0.7, 'tournament_size': 2, 'prob_const': 0.7}"
StandardGSGP,9d7e0545-3695-11f0-8541-e4c00c958f86,GSGP_sustavianfeed,52,218,10.214290618896484,0.0224685668945312,1.6526453953027365e+46,7.333120346069336,27105971327229713001776385139653741119690609,tensor(0.8996),0.0015529414,2,"{'p_xo': 0.7, 'tournament_size': 2, 'prob_const': 0.7}"
StandardGSGP,9d7e0545-3695-11f0-8541-e4c00c958f86,GSGP_sustavianfeed,52,219,10.214290618896484,0.0027832984924316,2.651072290001508e+46,7.333120346069336,27105971327229713001776385139653741119690609,tensor(0.9870),0.0016231674,2,"{'p_xo': 0.7, 'tournament_size': 2, 'prob_const': 0.7}"
StandardGSGP,9d7e0545-3695-11f0-8541-e4c00c958f86,GSGP_sustavianfeed,52,220,10.214271545410156,0.0165379047393798,4.021357012705345e+46,7.303577899932861,261472514192943096535099655049131821429046143,tensor(0.5981),0.0007001778,2,"{'p_xo': 0.7, 'tournament_size': 2, 'prob_const': 0.7}"
StandardGSGP,9d7e0545-3695-11f0-8541-e4c00c958f86,GSGP_sustavianfeed,52,221,10.214252471923828,0.0165636539459228,6.082760865619457e+46,7.313628196716309,1020186086008952458811374011828625462774223953,tensor(0.6418),0.0006720886,2,"{'p_xo': 0.7, 'tournament_size': 2, 'prob_const': 0.7}"
StandardGSGP,9d7e0545-3695-11f0-8541-e4c00c958f86,GSGP_sustavianfeed,52,222,10.213765144348145,0.0167317390441894,9.573080042295062e+46,7.345183372497559,491351416126519340419657285008139518046665591,tensor(0.7295),0.0019630587,2,"{'p_xo': 0.7, 'tournament_size': 2, 'prob_const': 0.7}"
StandardGSGP,9d7e0545-3695-11f0-8541-e4c00c958f86,GSGP_sustavianfeed,52,223,10.213622093200684,0.0167131423950195,1.3053212066105063e+47,7.331289768218994,491351416126519340419657285008139518046665597,tensor(0.8339),0.0014509727,2,"{'p_xo': 0.7, 'tournament_size': 2, 'prob_const': 0.7}"
StandardGSGP,9d7e0545-3695-11f0-8541-e4c00c958f86,GSGP_sustavianfeed,52,224,10.213376998901367,0.0244667530059814,2.0554295979947843e+47,7.300661563873291,261472514192943096535099655049131821429046155,tensor(0.7685),0.0010980617,2,"{'p_xo': 0.7, 'tournament_size': 2, 'prob_const': 0.7}"
StandardGSGP,9d7e0545-3695-11f0-8541-e4c00c958f86,GSGP_sustavianfeed,52,225,10.213376998901367,0.0069310665130615,3.1217570160394016e+47,7.300661563873291,261472514192943096535099655049131821429046155,tensor(1.1775),0.0025350768,2,"{'p_xo': 0.7, 'tournament_size': 2, 'prob_const': 0.7}"
StandardGSGP,9d7e0545-3695-11f0-8541-e4c00c958f86,GSGP_sustavianfeed,52,226,10.213376998901367,0.0166122913360595,5.775452575767648e+47,7.300661563873291,261472514192943096535099655049131821429046155,tensor(0.8821),0.0011379088,2,"{'p_xo': 0.7, 'tournament_size': 2, 'prob_const': 0.7}"
StandardGSGP,9d7e0545-3695-11f0-8541-e4c00c958f86,GSGP_sustavianfeed,52,227,10.21337604522705,0.0165185928344726,8.090863716955058e+47,7.307201862335205,10787205428426696375354305769424800215775623581,tensor(0.8206),0.0011765888,2,"{'p_xo': 0.7, 'tournament_size': 2, 'prob_const': 0.7}"
StandardGSGP,9d7e0545-3695-11f0-8541-e4c00c958f86,GSGP_sustavianfeed,52,228,10.213353157043455,0.017024278640747,1.2333148667104798e+48,7.300729751586914,261472514192943096535099655049131821429046161,tensor(0.6952),0.0007778774,2,"{'p_xo': 0.7, 'tournament_size': 2, 'prob_const': 0.7}"
StandardGSGP,9d7e0545-3695-11f0-8541-e4c00c958f86,GSGP_sustavianfeed,52,229,10.213350296020508,0.0175428390502929,2.1474252724824015e+48,7.321724414825439,17090306384468956733043970957855044858664445505,tensor(0.7774),0.0009889632,2,"{'p_xo': 0.7, 'tournament_size': 2, 'prob_const': 0.7}"
StandardGSGP,9d7e0545-3695-11f0-8541-e4c00c958f86,GSGP_sustavianfeed,52,230,10.213345527648926,0.013822317123413,3.217767456768068e+48,7.304046630859375,71963550019530205049262638014433453890194862271,tensor(0.4899),0.00036951352,2,"{'p_xo': 0.7, 'tournament_size': 2, 'prob_const': 0.7}"
StandardGSGP,9d7e0545-3695-11f0-8541-e4c00c958f86,GSGP_sustavianfeed,52,231,10.21299648284912,0.0150065422058105,4.660919360048706e+48,7.310339450836182,81304584196182405107918730628942154185733229387,tensor(0.4910),0.00038495843,2,"{'p_xo': 0.7, 'tournament_size': 2, 'prob_const': 0.7}"
StandardGSGP,9d7e0545-3695-11f0-8541-e4c00c958f86,GSGP_sustavianfeed,52,232,10.211548805236816,0.0,7.936997100931101e+48,7.279763221740723,55466336798882735676142361334049445808410578675,tensor(0.5008),0.00091879786,2,"{'p_xo': 0.7, 'tournament_size': 2, 'prob_const': 0.7}"
StandardGSGP,9d7e0545-3695-11f0-8541-e4c00c958f86,GSGP_sustavianfeed,52,233,10.211548805236816,0.016711950302124,1.3387735845008422e+49,7.279763221740723,55466336798882735676142361334049445808410578675,tensor(0.9963),0.0013791329,2,"{'p_xo': 0.7, 'tournament_size': 2, 'prob_const': 0.7}"
StandardGSGP,9d7e0545-3695-11f0-8541-e4c00c958f86,GSGP_sustavianfeed,52,234,10.211548805236816,0.0166511535644531,2.274227350650284e+49,7.279763221740723,55466336798882735676142361334049445808410578675,tensor(0.6078),0.0010679245,2,"{'p_xo': 0.7, 'tournament_size': 2, 'prob_const': 0.7}"
StandardGSGP,9d7e0545-3695-11f0-8541-e4c00c958f86,GSGP_sustavianfeed,52,235,10.211548805236816,0.0168595314025878,3.234009452636934e+49,7.279763221740723,55466336798882735676142361334049445808410578675,tensor(0.6244),0.00068858976,2,"{'p_xo': 0.7, 'tournament_size': 2, 'prob_const': 0.7}"
StandardGSGP,9d7e0545-3695-11f0-8541-e4c00c958f86,GSGP_sustavianfeed,52,236,10.211548805236816,0.0131893157958984,4.6334914609871775e+49,7.279763221740723,55466336798882735676142361334049445808410578675,tensor(0.7849),0.0007381644,2,"{'p_xo': 0.7, 'tournament_size': 2, 'prob_const': 0.7}"
StandardGSGP,9d7e0545-3695-11f0-8541-e4c00c958f86,GSGP_sustavianfeed,52,237,10.211548805236816,0.0181200504302978,6.546459311466068e+49,7.279763221740723,55466336798882735676142361334049445808410578675,tensor(0.8462),0.00089841423,2,"{'p_xo': 0.7, 'tournament_size': 2, 'prob_const': 0.7}"
StandardGSGP,9d7e0545-3695-11f0-8541-e4c00c958f86,GSGP_sustavianfeed,52,238,10.21095085144043,0.0166761875152587,8.874355612633671e+49,7.342099189758301,1251363120668476277497237108708353446941039564559,tensor(0.7877),0.0015306937,2,"{'p_xo': 0.7, 'tournament_size': 2, 'prob_const': 0.7}"
StandardGSGP,9d7e0545-3695-11f0-8541-e4c00c958f86,GSGP_sustavianfeed,52,239,10.210704803466797,0.0141170024871826,1.368757322517701e+50,7.289390563964844,55466336798882735676142361334049445808410578693,tensor(0.9883),0.0022169536,2,"{'p_xo': 0.7, 'tournament_size': 2, 'prob_const': 0.7}"
StandardGSGP,9d7e0545-3695-11f0-8541-e4c00c958f86,GSGP_sustavianfeed,52,240,10.210387229919434,0.016165018081665,1.9275189362697548e+50,7.303340911865234,1251363120668476277497237108708353446941039564571,tensor(0.9689),0.0013129931,2,"{'p_xo': 0.7, 'tournament_size': 2, 'prob_const': 0.7}"
StandardGSGP,9d7e0545-3695-11f0-8541-e4c00c958f86,GSGP_sustavianfeed,52,241,10.210387229919434,0.0,2.913266180849493e+50,7.303340911865234,1251363120668476277497237108708353446941039564571,tensor(1.1728),0.0019652632,2,"{'p_xo': 0.7, 'tournament_size': 2, 'prob_const': 0.7}"
StandardGSGP,9d7e0545-3695-11f0-8541-e4c00c958f86,GSGP_sustavianfeed,52,242,10.202302932739258,0.0130982398986816,4.879418380662052e+50,7.315752506256103,9569118442394104564917709128874950686951735032977,tensor(0.7116),0.0013219804,2,"{'p_xo': 0.7, 'tournament_size': 2, 'prob_const': 0.7}"
StandardGSGP,9d7e0545-3695-11f0-8541-e4c00c958f86,GSGP_sustavianfeed,52,243,10.202301025390623,0.0027830600738525,7.993355526307303e+50,7.315748691558838,15089690060461621103466611634886936705031814481059,tensor(0.8519),0.0024354155,2,"{'p_xo': 0.7, 'tournament_size': 2, 'prob_const': 0.7}"
StandardGSGP,9d7e0545-3695-11f0-8541-e4c00c958f86,GSGP_sustavianfeed,52,244,10.202301025390623,0.0166018009185791,1.2339028766730281e+51,7.315748691558838,15089690060461621103466611634886936705031814481059,tensor(0.6709),0.0028646688,2,"{'p_xo': 0.7, 'tournament_size': 2, 'prob_const': 0.7}"
StandardGSGP,9d7e0545-3695-11f0-8541-e4c00c958f86,GSGP_sustavianfeed,52,245,10.202256202697754,0.0166640281677246,2.0613249820201807e+51,7.309898376464844,25766272704502626144152217088666550740710834007697,tensor(0.8048),0.003651336,2,"{'p_xo': 0.7, 'tournament_size': 2, 'prob_const': 0.7}"
StandardGSGP,9d7e0545-3695-11f0-8541-e4c00c958f86,GSGP_sustavianfeed,52,246,10.201494216918944,0.0165791511535644,2.879097848562953e+51,7.321937561035156,68148532287158821935127639194487140175070624241257,tensor(0.8976),0.0031512491,2,"{'p_xo': 0.7, 'tournament_size': 2, 'prob_const': 0.7}"
StandardGSGP,9d7e0545-3695-11f0-8541-e4c00c958f86,GSGP_sustavianfeed,52,247,10.201494216918944,0.0166828632354736,4.4879259948546895e+51,7.321937561035156,68148532287158821935127639194487140175070624241257,tensor(0.9319),0.0027848703,2,"{'p_xo': 0.7, 'tournament_size': 2, 'prob_const': 0.7}"
StandardGSGP,9d7e0545-3695-11f0-8541-e4c00c958f86,GSGP_sustavianfeed,52,248,10.196885108947754,0.0236153602600097,6.887010449571613e+51,7.301630973815918,25766272704502626144152217088666550740710834007703,tensor(0.6475),0.0017026714,2,"{'p_xo': 0.7, 'tournament_size': 2, 'prob_const': 0.7}"
StandardGSGP,9d7e0545-3695-11f0-8541-e4c00c958f86,GSGP_sustavianfeed,52,249,10.196885108947754,0.0091514587402343,1.0406324562022614e+52,7.301630973815918,25766272704502626144152217088666550740710834007703,tensor(0.6330),0.0013362541,2,"{'p_xo': 0.7, 'tournament_size': 2, 'prob_const': 0.7}"
StandardGSGP,9d7e0545-3695-11f0-8541-e4c00c958f86,GSGP_sustavianfeed,52,250,10.196885108947754,0.0161774158477783,1.6012068084257369e+52,7.301630973815918,25766272704502626144152217088666550740710834007703,tensor(0.7643),0.0017154126,2,"{'p_xo': 0.7, 'tournament_size': 2, 'prob_const': 0.7}"
