StandardGP,82b61edf-33e9-11f0-828c-88a4c2b6c82f,GP_sustavianfeed,52,0,22.6619815826416,0.0017757415771484375,60.0,19.87700653076172,3,0.0,19186.738,2
StandardGP,82b61edf-33e9-11f0-828c-88a4c2b6c82f,GP_sustavianfeed,52,1,21.975482940673828,0.0020380020141601562,72.0,19.077733993530273,5,0.0,4461.606,2
StandardGP,82b61edf-33e9-11f0-828c-88a4c2b6c82f,GP_sustavianfeed,52,2,16.513530731201172,0.001909017562866211,78.0,10.891480445861816,5,0.0,567.82056,2
StandardGP,82b61edf-33e9-11f0-828c-88a4c2b6c82f,GP_sustavianfeed,52,3,16.513530731201172,0.002203702926635742,102.0,10.891480445861816,5,0.0,545.61743,2
StandardGP,82b61edf-33e9-11f0-828c-88a4c2b6c82f,GP_sustavianfeed,52,4,16.513530731201172,0.0030498504638671875,128.0,10.891480445861816,5,0.0,1974.5796,2
StandardGP,82b61edf-33e9-11f0-828c-88a4c2b6c82f,GP_sustavianfeed,52,5,16.513530731201172,0.0028083324432373047,154.0,10.891480445861816,5,0.0,84581.016,2
StandardGP,82b61edf-33e9-11f0-828c-88a4c2b6c82f,GP_sustavianfeed,52,6,16.513530731201172,0.002535104751586914,148.0,10.891480445861816,5,0.0,693.413,2
StandardGP,82b61edf-33e9-11f0-828c-88a4c2b6c82f,GP_sustavianfeed,52,7,16.513530731201172,0.002439737319946289,164.0,10.891480445861816,5,0.0,443976.9,2
StandardGP,82b61edf-33e9-11f0-828c-88a4c2b6c82f,GP_sustavianfeed,52,8,16.513530731201172,0.0021483898162841797,144.0,10.891480445861816,5,0.0,720.2303,2
StandardGP,82b61edf-33e9-11f0-828c-88a4c2b6c82f,GP_sustavianfeed,52,9,16.513530731201172,0.002678394317626953,166.0,10.891480445861816,5,0.0,714.10803,2
StandardGP,82b61edf-33e9-11f0-828c-88a4c2b6c82f,GP_sustavianfeed,52,10,12.334393501281738,0.0029342174530029297,162.0,10.80060863494873,7,0.0,462.41016,2
StandardGP,82b61edf-33e9-11f0-828c-88a4c2b6c82f,GP_sustavianfeed,52,11,12.334393501281738,0.0028219223022460938,144.0,10.80060863494873,7,0.0,1057.0266,2
StandardGP,82b61edf-33e9-11f0-828c-88a4c2b6c82f,GP_sustavianfeed,52,12,12.334393501281738,0.002832174301147461,156.0,10.80060863494873,7,0.0,8240.382,2
StandardGP,82b61edf-33e9-11f0-828c-88a4c2b6c82f,GP_sustavianfeed,52,13,12.334393501281738,0.0029528141021728516,160.0,10.80060863494873,7,0.0,965.81384,2
StandardGP,82b61edf-33e9-11f0-828c-88a4c2b6c82f,GP_sustavianfeed,52,14,12.334393501281738,0.0032074451446533203,168.0,10.80060863494873,7,0.0,1124.9316,2
StandardGP,82b61edf-33e9-11f0-828c-88a4c2b6c82f,GP_sustavianfeed,52,15,12.334393501281738,0.002753019332885742,156.0,10.80060863494873,7,0.0,615.23486,2
StandardGP,82b61edf-33e9-11f0-828c-88a4c2b6c82f,GP_sustavianfeed,52,16,12.334393501281738,0.0031478404998779297,190.0,10.80060863494873,7,0.0,2854.7183,2
StandardGP,82b61edf-33e9-11f0-828c-88a4c2b6c82f,GP_sustavianfeed,52,17,12.334393501281738,0.0029697418212890625,188.0,10.80060863494873,7,0.0,523.5755,2
StandardGP,82b61edf-33e9-11f0-828c-88a4c2b6c82f,GP_sustavianfeed,52,18,10.074976921081543,0.0032396316528320312,180.0,10.658345222473145,5,0.0,1636.5607,2
StandardGP,82b61edf-33e9-11f0-828c-88a4c2b6c82f,GP_sustavianfeed,52,19,10.074976921081543,0.0030362606048583984,184.0,10.658345222473145,5,0.0,606906.75,2
StandardGP,82b61edf-33e9-11f0-828c-88a4c2b6c82f,GP_sustavianfeed,52,20,10.074976921081543,0.0037717819213867188,206.0,10.658345222473145,5,0.0,955332.4,2
StandardGP,82b61edf-33e9-11f0-828c-88a4c2b6c82f,GP_sustavianfeed,52,21,10.074976921081543,0.003390073776245117,202.0,10.658345222473145,5,0.0,987.6189,2
StandardGP,82b61edf-33e9-11f0-828c-88a4c2b6c82f,GP_sustavianfeed,52,22,10.074976921081543,0.003480672836303711,198.0,10.658345222473145,5,0.0,121.012596,2
StandardGP,82b61edf-33e9-11f0-828c-88a4c2b6c82f,GP_sustavianfeed,52,23,10.074976921081543,0.004106044769287109,262.0,10.658345222473145,5,0.0,132392.39,2
StandardGP,82b61edf-33e9-11f0-828c-88a4c2b6c82f,GP_sustavianfeed,52,24,10.074976921081543,0.004277467727661133,274.0,10.658345222473145,5,0.0,5330.4756,2
StandardGP,82b61edf-33e9-11f0-828c-88a4c2b6c82f,GP_sustavianfeed,52,25,10.074976921081543,0.003576993942260742,222.0,10.658345222473145,5,0.0,1203.9625,2
StandardGP,82b61edf-33e9-11f0-828c-88a4c2b6c82f,GP_sustavianfeed,52,26,10.074976921081543,0.0037484169006347656,206.0,10.658345222473145,5,0.0,512.89777,2
StandardGP,82b61edf-33e9-11f0-828c-88a4c2b6c82f,GP_sustavianfeed,52,27,10.074976921081543,0.004105091094970703,262.0,10.658345222473145,5,0.0,26987.97,2
StandardGP,82b61edf-33e9-11f0-828c-88a4c2b6c82f,GP_sustavianfeed,52,28,10.074976921081543,0.0031332969665527344,168.0,10.658345222473145,5,0.0,20534.906,2
StandardGP,82b61edf-33e9-11f0-828c-88a4c2b6c82f,GP_sustavianfeed,52,29,10.074976921081543,0.002988576889038086,160.0,10.658345222473145,5,0.0,4544.2617,2
StandardGP,82b61edf-33e9-11f0-828c-88a4c2b6c82f,GP_sustavianfeed,52,30,10.074976921081543,0.0033485889434814453,172.0,10.658345222473145,5,0.0,1056.3746,2
StandardGP,82b61edf-33e9-11f0-828c-88a4c2b6c82f,GP_sustavianfeed,52,31,10.074976921081543,0.003774404525756836,200.0,10.658345222473145,5,0.0,48479.855,2
StandardGP,82b61edf-33e9-11f0-828c-88a4c2b6c82f,GP_sustavianfeed,52,32,10.074976921081543,0.003082275390625,146.0,10.658345222473145,5,0.0,476.42773,2
StandardGP,82b61edf-33e9-11f0-828c-88a4c2b6c82f,GP_sustavianfeed,52,33,10.074976921081543,0.0037648677825927734,182.0,10.658345222473145,5,0.0,535.88184,2
StandardGP,82b61edf-33e9-11f0-828c-88a4c2b6c82f,GP_sustavianfeed,52,34,7.569804668426514,0.003513336181640625,166.0,5.5470499992370605,13,0.0,4181.745,2
StandardGP,82b61edf-33e9-11f0-828c-88a4c2b6c82f,GP_sustavianfeed,52,35,7.569804668426514,0.0030901432037353516,142.0,5.5470499992370605,13,0.0,101545.41,2
StandardGP,82b61edf-33e9-11f0-828c-88a4c2b6c82f,GP_sustavianfeed,52,36,7.569804668426514,0.0025768280029296875,124.0,5.5470499992370605,13,0.0,607.86255,2
StandardGP,82b61edf-33e9-11f0-828c-88a4c2b6c82f,GP_sustavianfeed,52,37,7.569804668426514,0.002996206283569336,140.0,5.5470499992370605,13,0.0,14311.408,2
StandardGP,82b61edf-33e9-11f0-828c-88a4c2b6c82f,GP_sustavianfeed,52,38,7.569804668426514,0.0030372142791748047,154.0,5.5470499992370605,13,0.0,1850.6149,2
StandardGP,82b61edf-33e9-11f0-828c-88a4c2b6c82f,GP_sustavianfeed,52,39,7.569804668426514,0.0032300949096679688,156.0,5.5470499992370605,13,0.0,605.6985,2
StandardGP,82b61edf-33e9-11f0-828c-88a4c2b6c82f,GP_sustavianfeed,52,40,7.569804668426514,0.003170490264892578,160.0,5.5470499992370605,13,0.0,377.85336,2
StandardGP,82b61edf-33e9-11f0-828c-88a4c2b6c82f,GP_sustavianfeed,52,41,7.569804668426514,0.0041713714599609375,218.0,5.5470499992370605,13,0.0,1178.2996,2
StandardGP,82b61edf-33e9-11f0-828c-88a4c2b6c82f,GP_sustavianfeed,52,42,7.569804668426514,0.003844738006591797,200.0,5.5470499992370605,13,0.0,22801.63,2
StandardGP,82b61edf-33e9-11f0-828c-88a4c2b6c82f,GP_sustavianfeed,52,43,7.569804668426514,0.00423884391784668,222.0,5.5470499992370605,13,0.0,1479.7307,2
StandardGP,82b61edf-33e9-11f0-828c-88a4c2b6c82f,GP_sustavianfeed,52,44,7.569804668426514,0.004652500152587891,280.0,5.5470499992370605,13,0.0,94351.76,2
StandardGP,82b61edf-33e9-11f0-828c-88a4c2b6c82f,GP_sustavianfeed,52,45,7.569804668426514,0.0063474178314208984,352.0,5.5470499992370605,13,0.0,6681.92,2
StandardGP,82b61edf-33e9-11f0-828c-88a4c2b6c82f,GP_sustavianfeed,52,46,7.569804668426514,0.006626129150390625,396.0,5.5470499992370605,13,0.0,13209.888,2
StandardGP,82b61edf-33e9-11f0-828c-88a4c2b6c82f,GP_sustavianfeed,52,47,6.760098934173584,0.006882667541503906,396.0,6.220724105834961,9,0.0,236756.2,2
StandardGP,82b61edf-33e9-11f0-828c-88a4c2b6c82f,GP_sustavianfeed,52,48,6.760098934173584,0.006750345230102539,420.0,6.220724105834961,9,0.0,7709.607,2
StandardGP,82b61edf-33e9-11f0-828c-88a4c2b6c82f,GP_sustavianfeed,52,49,6.760098934173584,0.009123086929321289,570.0,6.220724105834961,9,0.0,787.1858,2
StandardGP,82b61edf-33e9-11f0-828c-88a4c2b6c82f,GP_sustavianfeed,52,50,6.760098934173584,0.009352684020996094,610.0,6.220724105834961,9,0.0,90397.68,2
StandardGP,82b61edf-33e9-11f0-828c-88a4c2b6c82f,GP_sustavianfeed,52,51,6.760098934173584,0.008133649826049805,564.0,6.220724105834961,9,0.0,8083.242,2
StandardGP,82b61edf-33e9-11f0-828c-88a4c2b6c82f,GP_sustavianfeed,52,52,6.760098934173584,0.009630680084228516,512.0,6.220724105834961,9,0.0,362.2288,2
StandardGP,82b61edf-33e9-11f0-828c-88a4c2b6c82f,GP_sustavianfeed,52,53,6.760098934173584,0.005441188812255859,362.0,6.220724105834961,9,0.0,622929.1,2
StandardGP,82b61edf-33e9-11f0-828c-88a4c2b6c82f,GP_sustavianfeed,52,54,6.760098934173584,0.006458759307861328,420.0,6.220724105834961,9,0.0,43344.246,2
StandardGP,82b61edf-33e9-11f0-828c-88a4c2b6c82f,GP_sustavianfeed,52,55,6.760098934173584,0.0055713653564453125,366.0,6.220724105834961,9,0.0,406.9609,2
StandardGP,82b61edf-33e9-11f0-828c-88a4c2b6c82f,GP_sustavianfeed,52,56,6.760098934173584,0.004501819610595703,252.0,6.220724105834961,9,0.0,6486.207,2
StandardGP,82b61edf-33e9-11f0-828c-88a4c2b6c82f,GP_sustavianfeed,52,57,6.760098934173584,0.005048513412475586,298.0,6.220724105834961,9,0.0,2542.625,2
StandardGP,82b61edf-33e9-11f0-828c-88a4c2b6c82f,GP_sustavianfeed,52,58,6.760098934173584,0.004866838455200195,296.0,6.220724105834961,9,0.0,335.1532,2
StandardGP,82b61edf-33e9-11f0-828c-88a4c2b6c82f,GP_sustavianfeed,52,59,6.559592247009277,0.0045092105865478516,252.0,6.721687316894531,21,0.0,230425.58,2
StandardGP,82b61edf-33e9-11f0-828c-88a4c2b6c82f,GP_sustavianfeed,52,60,6.559592247009277,0.004247903823852539,278.0,6.721687316894531,21,0.0,28098.072,2
StandardGP,82b61edf-33e9-11f0-828c-88a4c2b6c82f,GP_sustavianfeed,52,61,6.559592247009277,0.0040493011474609375,254.0,6.721687316894531,21,0.0,6538.1494,2
StandardGP,82b61edf-33e9-11f0-828c-88a4c2b6c82f,GP_sustavianfeed,52,62,6.559592247009277,0.004306316375732422,286.0,6.721687316894531,21,0.0,4209.478,2
StandardGP,82b61edf-33e9-11f0-828c-88a4c2b6c82f,GP_sustavianfeed,52,63,6.559592247009277,0.0053102970123291016,328.0,6.721687316894531,21,0.0,321706.44,2
StandardGP,82b61edf-33e9-11f0-828c-88a4c2b6c82f,GP_sustavianfeed,52,64,6.559592247009277,0.006569623947143555,428.0,6.721687316894531,21,0.0,794937.1,2
StandardGP,82b61edf-33e9-11f0-828c-88a4c2b6c82f,GP_sustavianfeed,52,65,6.442946910858154,0.007018327713012695,440.0,6.710738182067871,25,0.0,915.02814,2
StandardGP,82b61edf-33e9-11f0-828c-88a4c2b6c82f,GP_sustavianfeed,52,66,6.442946910858154,0.005854368209838867,386.0,6.710738182067871,25,0.0,9763.181,2
StandardGP,82b61edf-33e9-11f0-828c-88a4c2b6c82f,GP_sustavianfeed,52,67,6.442946910858154,0.006894350051879883,442.0,6.710738182067871,25,0.0,4511.9087,2
StandardGP,82b61edf-33e9-11f0-828c-88a4c2b6c82f,GP_sustavianfeed,52,68,6.442946910858154,0.006850719451904297,444.0,6.710738182067871,25,0.0,316.73758,2
StandardGP,82b61edf-33e9-11f0-828c-88a4c2b6c82f,GP_sustavianfeed,52,69,6.442946910858154,0.006797075271606445,426.0,6.710738182067871,25,0.0,3884.0405,2
StandardGP,82b61edf-33e9-11f0-828c-88a4c2b6c82f,GP_sustavianfeed,52,70,6.442946910858154,0.007900476455688477,468.0,6.710738182067871,25,0.0,56615.11,2
StandardGP,82b61edf-33e9-11f0-828c-88a4c2b6c82f,GP_sustavianfeed,52,71,6.442946910858154,0.0075490474700927734,476.0,6.710738182067871,25,0.0,6354.1846,2
StandardGP,82b61edf-33e9-11f0-828c-88a4c2b6c82f,GP_sustavianfeed,52,72,6.442946910858154,0.007809162139892578,484.0,6.710738182067871,25,0.0,1174.2882,2
StandardGP,82b61edf-33e9-11f0-828c-88a4c2b6c82f,GP_sustavianfeed,52,73,6.442946910858154,0.00815725326538086,492.0,6.710738182067871,25,0.0,18782.621,2
StandardGP,82b61edf-33e9-11f0-828c-88a4c2b6c82f,GP_sustavianfeed,52,74,6.442946910858154,0.008343219757080078,526.0,6.710738182067871,25,0.0,28906.408,2
StandardGP,82b61edf-33e9-11f0-828c-88a4c2b6c82f,GP_sustavianfeed,52,75,6.442946910858154,0.007999420166015625,496.0,6.710738182067871,25,0.0,111379.96,2
StandardGP,82b61edf-33e9-11f0-828c-88a4c2b6c82f,GP_sustavianfeed,52,76,6.442946910858154,0.009169340133666992,560.0,6.710738182067871,25,0.0,19257.78,2
StandardGP,82b61edf-33e9-11f0-828c-88a4c2b6c82f,GP_sustavianfeed,52,77,6.442946910858154,0.008561134338378906,536.0,6.710738182067871,25,0.0,2740.2612,2
StandardGP,82b61edf-33e9-11f0-828c-88a4c2b6c82f,GP_sustavianfeed,52,78,6.323903560638428,0.007581472396850586,450.0,3.482830286026001,49,0.0,22332.52,2
StandardGP,82b61edf-33e9-11f0-828c-88a4c2b6c82f,GP_sustavianfeed,52,79,6.323903560638428,0.007737398147583008,480.0,3.482830286026001,49,0.0,408.22495,2
StandardGP,82b61edf-33e9-11f0-828c-88a4c2b6c82f,GP_sustavianfeed,52,80,6.323903560638428,0.008220195770263672,508.0,3.482830286026001,49,0.0,7968.8037,2
StandardGP,82b61edf-33e9-11f0-828c-88a4c2b6c82f,GP_sustavianfeed,52,81,6.323903560638428,0.008959531784057617,566.0,3.482830286026001,49,0.0,530106.1,2
StandardGP,82b61edf-33e9-11f0-828c-88a4c2b6c82f,GP_sustavianfeed,52,82,6.323903560638428,0.008804798126220703,596.0,3.482830286026001,49,0.0,702.8426,2
StandardGP,82b61edf-33e9-11f0-828c-88a4c2b6c82f,GP_sustavianfeed,52,83,6.323903560638428,0.007353544235229492,460.0,3.482830286026001,49,0.0,701.1084,2
StandardGP,82b61edf-33e9-11f0-828c-88a4c2b6c82f,GP_sustavianfeed,52,84,6.323903560638428,0.007854223251342773,542.0,3.482830286026001,49,0.0,50976.48,2
StandardGP,82b61edf-33e9-11f0-828c-88a4c2b6c82f,GP_sustavianfeed,52,85,6.323903560638428,0.007746219635009766,482.0,3.482830286026001,49,0.0,236939.16,2
StandardGP,82b61edf-33e9-11f0-828c-88a4c2b6c82f,GP_sustavianfeed,52,86,6.323903560638428,0.008038759231567383,542.0,3.482830286026001,49,0.0,712.83124,2
StandardGP,82b61edf-33e9-11f0-828c-88a4c2b6c82f,GP_sustavianfeed,52,87,6.323903560638428,0.009443044662475586,546.0,3.482830286026001,49,0.0,4746.4927,2
StandardGP,82b61edf-33e9-11f0-828c-88a4c2b6c82f,GP_sustavianfeed,52,88,6.323903560638428,0.010298967361450195,648.0,3.482830286026001,49,0.0,155733.52,2
StandardGP,82b61edf-33e9-11f0-828c-88a4c2b6c82f,GP_sustavianfeed,52,89,6.158994674682617,0.012028932571411133,778.0,2.7097463607788086,53,0.0,2333.6,2
StandardGP,82b61edf-33e9-11f0-828c-88a4c2b6c82f,GP_sustavianfeed,52,90,6.158994674682617,0.012607812881469727,864.0,2.7097463607788086,53,0.0,71.460846,2
StandardGP,82b61edf-33e9-11f0-828c-88a4c2b6c82f,GP_sustavianfeed,52,91,6.158994674682617,0.012063980102539062,788.0,2.7097463607788086,53,0.0,7586.0728,2
StandardGP,82b61edf-33e9-11f0-828c-88a4c2b6c82f,GP_sustavianfeed,52,92,6.158994674682617,0.011845588684082031,710.0,2.7097463607788086,53,0.0,2652.4934,2
StandardGP,82b61edf-33e9-11f0-828c-88a4c2b6c82f,GP_sustavianfeed,52,93,6.158994674682617,0.014918804168701172,988.0,2.7097463607788086,53,0.0,10717.468,2
StandardGP,82b61edf-33e9-11f0-828c-88a4c2b6c82f,GP_sustavianfeed,52,94,6.158994674682617,0.015306234359741211,978.0,2.7097463607788086,53,0.0,222137.67,2
StandardGP,82b61edf-33e9-11f0-828c-88a4c2b6c82f,GP_sustavianfeed,52,95,6.158994674682617,0.015436887741088867,964.0,2.7097463607788086,53,0.0,1658.4142,2
StandardGP,82b61edf-33e9-11f0-828c-88a4c2b6c82f,GP_sustavianfeed,52,96,6.158994674682617,0.017168045043945312,984.0,2.7097463607788086,53,0.0,1765.9437,2
StandardGP,82b61edf-33e9-11f0-828c-88a4c2b6c82f,GP_sustavianfeed,52,97,6.158994674682617,0.015702486038208008,1064.0,2.7097463607788086,53,0.0,36097.31,2
StandardGP,82b61edf-33e9-11f0-828c-88a4c2b6c82f,GP_sustavianfeed,52,98,6.158994674682617,0.01697850227355957,1064.0,2.7097463607788086,53,0.0,192.82086,2
StandardGP,82b61edf-33e9-11f0-828c-88a4c2b6c82f,GP_sustavianfeed,52,99,6.158994674682617,0.016393661499023438,1072.0,2.7097463607788086,53,0.0,444.03467,2
StandardGP,82b61edf-33e9-11f0-828c-88a4c2b6c82f,GP_sustavianfeed,52,100,6.158994674682617,0.014568328857421875,972.0,2.7097463607788086,53,0.0,162433.6,2
StandardGP,82b61edf-33e9-11f0-828c-88a4c2b6c82f,GP_sustavianfeed,52,101,6.109691143035889,0.01793193817138672,1132.0,5.5554914474487305,65,0.0,21098.117,2
StandardGP,82b61edf-33e9-11f0-828c-88a4c2b6c82f,GP_sustavianfeed,52,102,6.109691143035889,0.016771554946899414,1128.0,5.5554914474487305,65,0.0,1296.2937,2
StandardGP,82b61edf-33e9-11f0-828c-88a4c2b6c82f,GP_sustavianfeed,52,103,6.109691143035889,0.015275955200195312,1060.0,5.5554914474487305,65,0.0,4908.1777,2
StandardGP,82b61edf-33e9-11f0-828c-88a4c2b6c82f,GP_sustavianfeed,52,104,6.109691143035889,0.018482685089111328,1164.0,5.5554914474487305,65,0.0,940.64233,2
StandardGP,82b61edf-33e9-11f0-828c-88a4c2b6c82f,GP_sustavianfeed,52,105,5.7971296310424805,0.014762639999389648,972.0,5.819795608520508,65,0.0,3986.3662,2
StandardGP,82b61edf-33e9-11f0-828c-88a4c2b6c82f,GP_sustavianfeed,52,106,5.777263164520264,0.015185832977294922,982.0,6.795012474060059,69,0.0,95988.16,2
StandardGP,82b61edf-33e9-11f0-828c-88a4c2b6c82f,GP_sustavianfeed,52,107,5.777263164520264,0.014942169189453125,968.0,6.795012474060059,69,0.0,10379.566,2
StandardGP,82b61edf-33e9-11f0-828c-88a4c2b6c82f,GP_sustavianfeed,52,108,5.777263164520264,0.01585531234741211,972.0,6.795012474060059,69,0.0,33889.094,2
StandardGP,82b61edf-33e9-11f0-828c-88a4c2b6c82f,GP_sustavianfeed,52,109,5.777263164520264,0.014691352844238281,990.0,6.795012474060059,69,0.0,1229.9385,2
StandardGP,82b61edf-33e9-11f0-828c-88a4c2b6c82f,GP_sustavianfeed,52,110,5.777263164520264,0.01515960693359375,1082.0,6.795012474060059,69,0.0,184878.34,2
StandardGP,82b61edf-33e9-11f0-828c-88a4c2b6c82f,GP_sustavianfeed,52,111,5.777263164520264,0.01362299919128418,920.0,6.795012474060059,69,0.0,185069.0,2
StandardGP,82b61edf-33e9-11f0-828c-88a4c2b6c82f,GP_sustavianfeed,52,112,5.777263164520264,0.014394044876098633,1010.0,6.795012474060059,69,0.0,58799.88,2
StandardGP,82b61edf-33e9-11f0-828c-88a4c2b6c82f,GP_sustavianfeed,52,113,5.777263164520264,0.016564607620239258,1068.0,6.795012474060059,69,0.0,234.45303,2
StandardGP,82b61edf-33e9-11f0-828c-88a4c2b6c82f,GP_sustavianfeed,52,114,5.777263164520264,0.016730546951293945,1064.0,6.795012474060059,69,0.0,7869.81,2
StandardGP,82b61edf-33e9-11f0-828c-88a4c2b6c82f,GP_sustavianfeed,52,115,5.777263164520264,0.014445066452026367,984.0,6.795012474060059,69,0.0,122634.32,2
StandardGP,82b61edf-33e9-11f0-828c-88a4c2b6c82f,GP_sustavianfeed,52,116,5.052667617797852,0.015607357025146484,1100.0,3.490546226501465,45,0.0,5355.261,2
StandardGP,82b61edf-33e9-11f0-828c-88a4c2b6c82f,GP_sustavianfeed,52,117,5.052667617797852,0.01621556282043457,1164.0,3.490546226501465,45,0.0,1256.3228,2
StandardGP,82b61edf-33e9-11f0-828c-88a4c2b6c82f,GP_sustavianfeed,52,118,5.052667617797852,0.014274358749389648,1022.0,3.490546226501465,45,0.0,6270.879,2
StandardGP,82b61edf-33e9-11f0-828c-88a4c2b6c82f,GP_sustavianfeed,52,119,5.052667617797852,0.01214742660522461,910.0,3.490546226501465,45,0.0,99657.984,2
StandardGP,82b61edf-33e9-11f0-828c-88a4c2b6c82f,GP_sustavianfeed,52,120,5.052667617797852,0.012874364852905273,938.0,3.490546226501465,45,0.0,418.00436,2
StandardGP,82b61edf-33e9-11f0-828c-88a4c2b6c82f,GP_sustavianfeed,52,121,5.052667617797852,0.01250910758972168,912.0,3.490546226501465,45,0.0,2109.8608,2
StandardGP,82b61edf-33e9-11f0-828c-88a4c2b6c82f,GP_sustavianfeed,52,122,5.052667617797852,0.011277198791503906,856.0,3.490546226501465,45,0.0,81170.805,2
StandardGP,82b61edf-33e9-11f0-828c-88a4c2b6c82f,GP_sustavianfeed,52,123,5.052667617797852,0.009947776794433594,788.0,3.490546226501465,45,0.0,324.30258,2
StandardGP,82b61edf-33e9-11f0-828c-88a4c2b6c82f,GP_sustavianfeed,52,124,5.052667617797852,0.011189699172973633,904.0,3.490546226501465,45,0.0,338.10767,2
StandardGP,82b61edf-33e9-11f0-828c-88a4c2b6c82f,GP_sustavianfeed,52,125,5.052667617797852,0.011276483535766602,852.0,3.490546226501465,45,0.0,14387.493,2
StandardGP,82b61edf-33e9-11f0-828c-88a4c2b6c82f,GP_sustavianfeed,52,126,5.052667617797852,0.010849714279174805,784.0,3.490546226501465,45,0.0,122304.74,2
StandardGP,82b61edf-33e9-11f0-828c-88a4c2b6c82f,GP_sustavianfeed,52,127,4.521909236907959,0.01092386245727539,796.0,4.185006141662598,29,0.0,1633.9669,2
StandardGP,82b61edf-33e9-11f0-828c-88a4c2b6c82f,GP_sustavianfeed,52,128,4.521909236907959,0.013567686080932617,964.0,4.185006141662598,29,0.0,711.0927,2
StandardGP,82b61edf-33e9-11f0-828c-88a4c2b6c82f,GP_sustavianfeed,52,129,4.521909236907959,0.01784062385559082,1156.0,4.185006141662598,29,0.0,319.44217,2
StandardGP,82b61edf-33e9-11f0-828c-88a4c2b6c82f,GP_sustavianfeed,52,130,4.521909236907959,0.01732802391052246,1094.0,4.185006141662598,29,0.0,2682.0315,2
StandardGP,82b61edf-33e9-11f0-828c-88a4c2b6c82f,GP_sustavianfeed,52,131,4.521909236907959,0.01357889175415039,1020.0,4.185006141662598,29,0.0,1480.8488,2
StandardGP,82b61edf-33e9-11f0-828c-88a4c2b6c82f,GP_sustavianfeed,52,132,4.521909236907959,0.011915922164916992,824.0,4.185006141662598,29,0.0,2652.9226,2
StandardGP,82b61edf-33e9-11f0-828c-88a4c2b6c82f,GP_sustavianfeed,52,133,4.521909236907959,0.014031648635864258,1120.0,4.185006141662598,29,0.0,1635.2299,2
StandardGP,82b61edf-33e9-11f0-828c-88a4c2b6c82f,GP_sustavianfeed,52,134,3.692633867263794,0.012685060501098633,952.0,3.5047874450683594,41,0.0,343.73074,2
StandardGP,82b61edf-33e9-11f0-828c-88a4c2b6c82f,GP_sustavianfeed,52,135,3.692633867263794,0.011414527893066406,866.0,3.5047874450683594,41,0.0,95999.63,2
StandardGP,82b61edf-33e9-11f0-828c-88a4c2b6c82f,GP_sustavianfeed,52,136,3.692633867263794,0.014614343643188477,1256.0,3.5047874450683594,41,0.0,2568.5657,2
StandardGP,82b61edf-33e9-11f0-828c-88a4c2b6c82f,GP_sustavianfeed,52,137,3.692633867263794,0.016228437423706055,1426.0,3.5047874450683594,41,0.0,3767.5686,2
StandardGP,82b61edf-33e9-11f0-828c-88a4c2b6c82f,GP_sustavianfeed,52,138,3.692633867263794,0.014152765274047852,1120.0,3.5047874450683594,41,0.0,33873.902,2
StandardGP,82b61edf-33e9-11f0-828c-88a4c2b6c82f,GP_sustavianfeed,52,139,3.692633867263794,0.015710115432739258,1294.0,3.5047874450683594,41,0.0,19229.049,2
StandardGP,82b61edf-33e9-11f0-828c-88a4c2b6c82f,GP_sustavianfeed,52,140,3.692633867263794,0.018413782119750977,1560.0,3.5047874450683594,41,0.0,1773.975,2
StandardGP,82b61edf-33e9-11f0-828c-88a4c2b6c82f,GP_sustavianfeed,52,141,3.692633867263794,0.024127721786499023,1884.0,3.5047874450683594,41,0.0,516.87494,2
StandardGP,82b61edf-33e9-11f0-828c-88a4c2b6c82f,GP_sustavianfeed,52,142,3.692633867263794,0.014989137649536133,1202.0,3.5047874450683594,41,0.0,200249.4,2
StandardGP,82b61edf-33e9-11f0-828c-88a4c2b6c82f,GP_sustavianfeed,52,143,3.692633867263794,0.013816356658935547,1152.0,3.5047874450683594,41,0.0,10868.93,2
StandardGP,82b61edf-33e9-11f0-828c-88a4c2b6c82f,GP_sustavianfeed,52,144,3.692633867263794,0.01668071746826172,1372.0,3.5047874450683594,41,0.0,193.38976,2
StandardGP,82b61edf-33e9-11f0-828c-88a4c2b6c82f,GP_sustavianfeed,52,145,3.692633867263794,0.014359235763549805,1136.0,3.5047874450683594,41,0.0,527.22015,2
StandardGP,82b61edf-33e9-11f0-828c-88a4c2b6c82f,GP_sustavianfeed,52,146,3.692633867263794,0.015600919723510742,1320.0,3.5047874450683594,41,0.0,517963.28,2
StandardGP,82b61edf-33e9-11f0-828c-88a4c2b6c82f,GP_sustavianfeed,52,147,3.692633867263794,0.017031431198120117,1360.0,3.5047874450683594,41,0.0,9856.456,2
StandardGP,82b61edf-33e9-11f0-828c-88a4c2b6c82f,GP_sustavianfeed,52,148,3.692633867263794,0.017308950424194336,1424.0,3.5047874450683594,41,0.0,151027.03,2
StandardGP,82b61edf-33e9-11f0-828c-88a4c2b6c82f,GP_sustavianfeed,52,149,3.692633867263794,0.01204824447631836,1006.0,3.5047874450683594,41,0.0,4281.462,2
StandardGP,82b61edf-33e9-11f0-828c-88a4c2b6c82f,GP_sustavianfeed,52,150,3.672116279602051,0.013434648513793945,1102.0,3.4462132453918457,113,0.0,3186.6086,2
StandardGP,82b61edf-33e9-11f0-828c-88a4c2b6c82f,GP_sustavianfeed,52,151,3.672116279602051,0.015633344650268555,1280.0,3.4462132453918457,113,0.0,1188.6057,2
StandardGP,82b61edf-33e9-11f0-828c-88a4c2b6c82f,GP_sustavianfeed,52,152,3.672116279602051,0.019962787628173828,1522.0,3.4462132453918457,113,0.0,488.05,2
StandardGP,82b61edf-33e9-11f0-828c-88a4c2b6c82f,GP_sustavianfeed,52,153,3.6588382720947266,0.02497076988220215,2022.0,3.414426565170288,137,0.0,653.12604,2
StandardGP,82b61edf-33e9-11f0-828c-88a4c2b6c82f,GP_sustavianfeed,52,154,3.6588382720947266,0.02802896499633789,2380.0,3.414426565170288,137,0.0,5663.603,2
StandardGP,82b61edf-33e9-11f0-828c-88a4c2b6c82f,GP_sustavianfeed,52,155,3.6588382720947266,0.03142213821411133,2560.0,3.414426565170288,137,0.0,7943.2334,2
StandardGP,82b61edf-33e9-11f0-828c-88a4c2b6c82f,GP_sustavianfeed,52,156,3.6588382720947266,0.03279376029968262,2624.0,3.414426565170288,137,0.0,180.56636,2
StandardGP,82b61edf-33e9-11f0-828c-88a4c2b6c82f,GP_sustavianfeed,52,157,3.6588382720947266,0.02950286865234375,2304.0,3.414426565170288,137,0.0,4438.303,2
StandardGP,82b61edf-33e9-11f0-828c-88a4c2b6c82f,GP_sustavianfeed,52,158,3.6588382720947266,0.030286073684692383,2380.0,3.414426565170288,137,0.0,319.4168,2
StandardGP,82b61edf-33e9-11f0-828c-88a4c2b6c82f,GP_sustavianfeed,52,159,3.6588382720947266,0.033884525299072266,2484.0,3.414426565170288,137,0.0,503.3128,2
StandardGP,82b61edf-33e9-11f0-828c-88a4c2b6c82f,GP_sustavianfeed,52,160,3.6588382720947266,0.03305244445800781,2648.0,3.414426565170288,137,0.0,41.22404,2
StandardGP,82b61edf-33e9-11f0-828c-88a4c2b6c82f,GP_sustavianfeed,52,161,3.655632257461548,0.03516077995300293,2388.0,3.382885456085205,125,0.0,2711.6692,2
StandardGP,82b61edf-33e9-11f0-828c-88a4c2b6c82f,GP_sustavianfeed,52,162,3.655632257461548,0.03811955451965332,2692.0,3.382885456085205,125,0.0,17997.14,2
StandardGP,82b61edf-33e9-11f0-828c-88a4c2b6c82f,GP_sustavianfeed,52,163,3.655632257461548,0.03726816177368164,2460.0,3.382885456085205,125,0.0,130.1052,2
StandardGP,82b61edf-33e9-11f0-828c-88a4c2b6c82f,GP_sustavianfeed,52,164,3.655632257461548,0.027637481689453125,2132.0,3.382885456085205,125,0.0,179.52231,2
StandardGP,82b61edf-33e9-11f0-828c-88a4c2b6c82f,GP_sustavianfeed,52,165,3.655632257461548,0.022838830947875977,1636.0,3.382885456085205,125,0.0,27457.22,2
StandardGP,82b61edf-33e9-11f0-828c-88a4c2b6c82f,GP_sustavianfeed,52,166,3.655632257461548,0.02127814292907715,1580.0,3.382885456085205,125,0.0,69.07921,2
StandardGP,82b61edf-33e9-11f0-828c-88a4c2b6c82f,GP_sustavianfeed,52,167,3.655632257461548,0.02213120460510254,1640.0,3.382885456085205,125,0.0,2678.8052,2
StandardGP,82b61edf-33e9-11f0-828c-88a4c2b6c82f,GP_sustavianfeed,52,168,3.655632257461548,0.018822193145751953,1488.0,3.382885456085205,125,0.0,2550.4478,2
StandardGP,82b61edf-33e9-11f0-828c-88a4c2b6c82f,GP_sustavianfeed,52,169,3.655632257461548,0.023343801498413086,1754.0,3.382885456085205,125,0.0,27613.34,2
StandardGP,82b61edf-33e9-11f0-828c-88a4c2b6c82f,GP_sustavianfeed,52,170,3.655632257461548,0.0283811092376709,2026.0,3.382885456085205,125,0.0,435.9372,2
StandardGP,82b61edf-33e9-11f0-828c-88a4c2b6c82f,GP_sustavianfeed,52,171,3.655632257461548,0.03412342071533203,2358.0,3.382885456085205,125,0.0,4824.717,2
StandardGP,82b61edf-33e9-11f0-828c-88a4c2b6c82f,GP_sustavianfeed,52,172,3.655632257461548,0.028211593627929688,2154.0,3.382885456085205,125,0.0,27450.844,2
StandardGP,82b61edf-33e9-11f0-828c-88a4c2b6c82f,GP_sustavianfeed,52,173,3.655632257461548,0.025715351104736328,1914.0,3.382885456085205,125,0.0,1713.2694,2
StandardGP,82b61edf-33e9-11f0-828c-88a4c2b6c82f,GP_sustavianfeed,52,174,3.655632257461548,0.033988237380981445,2382.0,3.382885456085205,125,0.0,133.78987,2
StandardGP,82b61edf-33e9-11f0-828c-88a4c2b6c82f,GP_sustavianfeed,52,175,3.655632257461548,0.03205585479736328,2138.0,3.382885456085205,125,0.0,23367.72,2
StandardGP,82b61edf-33e9-11f0-828c-88a4c2b6c82f,GP_sustavianfeed,52,176,3.6001155376434326,0.03696250915527344,2426.0,3.488835096359253,113,0.0,182.47273,2
StandardGP,82b61edf-33e9-11f0-828c-88a4c2b6c82f,GP_sustavianfeed,52,177,3.6001155376434326,0.03477144241333008,2162.0,3.488835096359253,113,0.0,108.626564,2
StandardGP,82b61edf-33e9-11f0-828c-88a4c2b6c82f,GP_sustavianfeed,52,178,3.6001155376434326,0.03412938117980957,2428.0,3.488835096359253,113,0.0,79.816925,2
StandardGP,82b61edf-33e9-11f0-828c-88a4c2b6c82f,GP_sustavianfeed,52,179,3.6001155376434326,0.03178143501281738,2352.0,3.488835096359253,113,0.0,1419.4729,2
StandardGP,82b61edf-33e9-11f0-828c-88a4c2b6c82f,GP_sustavianfeed,52,180,3.6001155376434326,0.030439138412475586,2398.0,3.488835096359253,113,0.0,235.86198,2
StandardGP,82b61edf-33e9-11f0-828c-88a4c2b6c82f,GP_sustavianfeed,52,181,3.6001155376434326,0.03771638870239258,2604.0,3.488835096359253,113,0.0,217.51518,2
StandardGP,82b61edf-33e9-11f0-828c-88a4c2b6c82f,GP_sustavianfeed,52,182,3.6001155376434326,0.03727149963378906,2800.0,3.488835096359253,113,0.0,624.08966,2
StandardGP,82b61edf-33e9-11f0-828c-88a4c2b6c82f,GP_sustavianfeed,52,183,3.6001155376434326,0.034485816955566406,2434.0,3.488835096359253,113,0.0,377.94315,2
StandardGP,82b61edf-33e9-11f0-828c-88a4c2b6c82f,GP_sustavianfeed,52,184,3.6001155376434326,0.03470420837402344,2548.0,3.488835096359253,113,0.0,76736.52,2
StandardGP,82b61edf-33e9-11f0-828c-88a4c2b6c82f,GP_sustavianfeed,52,185,3.6001155376434326,0.033400774002075195,2512.0,3.488835096359253,113,0.0,109164.58,2
StandardGP,82b61edf-33e9-11f0-828c-88a4c2b6c82f,GP_sustavianfeed,52,186,3.6001155376434326,0.02989649772644043,2368.0,3.488835096359253,113,0.0,1582.4482,2
StandardGP,82b61edf-33e9-11f0-828c-88a4c2b6c82f,GP_sustavianfeed,52,187,3.6001155376434326,0.027017831802368164,2236.0,3.488835096359253,113,0.0,731.91425,2
StandardGP,82b61edf-33e9-11f0-828c-88a4c2b6c82f,GP_sustavianfeed,52,188,3.6001155376434326,0.02695751190185547,2344.0,3.488835096359253,113,0.0,4120.8955,2
StandardGP,82b61edf-33e9-11f0-828c-88a4c2b6c82f,GP_sustavianfeed,52,189,3.6001155376434326,0.03271961212158203,2620.0,3.488835096359253,113,0.0,30802.205,2
StandardGP,82b61edf-33e9-11f0-828c-88a4c2b6c82f,GP_sustavianfeed,52,190,3.6001155376434326,0.029923439025878906,2228.0,3.488835096359253,113,0.0,49123.06,2
StandardGP,82b61edf-33e9-11f0-828c-88a4c2b6c82f,GP_sustavianfeed,52,191,3.6001155376434326,0.028200626373291016,2048.0,3.488835096359253,113,0.0,221977.86,2
StandardGP,82b61edf-33e9-11f0-828c-88a4c2b6c82f,GP_sustavianfeed,52,192,3.6001155376434326,0.03277087211608887,2208.0,3.488835096359253,113,0.0,179057.47,2
StandardGP,82b61edf-33e9-11f0-828c-88a4c2b6c82f,GP_sustavianfeed,52,193,3.6001155376434326,0.027961254119873047,2098.0,3.488835096359253,113,0.0,178567.08,2
StandardGP,82b61edf-33e9-11f0-828c-88a4c2b6c82f,GP_sustavianfeed,52,194,3.6001155376434326,0.028021812438964844,2364.0,3.488835096359253,113,0.0,304.94095,2
StandardGP,82b61edf-33e9-11f0-828c-88a4c2b6c82f,GP_sustavianfeed,52,195,3.6001155376434326,0.022075891494750977,1772.0,3.488835096359253,113,0.0,134625.81,2
StandardGP,82b61edf-33e9-11f0-828c-88a4c2b6c82f,GP_sustavianfeed,52,196,3.6001155376434326,0.02643132209777832,2044.0,3.488835096359253,113,0.0,11145.762,2
StandardGP,82b61edf-33e9-11f0-828c-88a4c2b6c82f,GP_sustavianfeed,52,197,3.6001155376434326,0.02300715446472168,1564.0,3.488835096359253,113,0.0,66445.44,2
StandardGP,82b61edf-33e9-11f0-828c-88a4c2b6c82f,GP_sustavianfeed,52,198,3.6001155376434326,0.02202630043029785,1640.0,3.488835096359253,113,0.0,1007.83466,2
StandardGP,82b61edf-33e9-11f0-828c-88a4c2b6c82f,GP_sustavianfeed,52,199,3.6001155376434326,0.028075456619262695,2100.0,3.488835096359253,113,0.0,57.53054,2
StandardGP,82b61edf-33e9-11f0-828c-88a4c2b6c82f,GP_sustavianfeed,52,200,3.6001155376434326,0.03317117691040039,2344.0,3.488835096359253,113,0.0,5978.4946,2
StandardGP,82b61edf-33e9-11f0-828c-88a4c2b6c82f,GP_sustavianfeed,52,201,3.6001155376434326,0.027593612670898438,2296.0,3.488835096359253,113,0.0,5630.6426,2
StandardGP,82b61edf-33e9-11f0-828c-88a4c2b6c82f,GP_sustavianfeed,52,202,3.6001155376434326,0.028975248336791992,2188.0,3.488835096359253,113,0.0,10591.08,2
StandardGP,82b61edf-33e9-11f0-828c-88a4c2b6c82f,GP_sustavianfeed,52,203,3.6001155376434326,0.02999091148376465,2332.0,3.488835096359253,113,0.0,791.4407,2
StandardGP,82b61edf-33e9-11f0-828c-88a4c2b6c82f,GP_sustavianfeed,52,204,3.6001155376434326,0.027439117431640625,2260.0,3.488835096359253,113,0.0,145108.61,2
StandardGP,82b61edf-33e9-11f0-828c-88a4c2b6c82f,GP_sustavianfeed,52,205,3.6001155376434326,0.03258562088012695,2372.0,3.488835096359253,113,0.0,72766.625,2
StandardGP,82b61edf-33e9-11f0-828c-88a4c2b6c82f,GP_sustavianfeed,52,206,3.5924746990203857,0.03543257713317871,2500.0,3.41859769821167,185,0.0,1083.0061,2
StandardGP,82b61edf-33e9-11f0-828c-88a4c2b6c82f,GP_sustavianfeed,52,207,3.5924746990203857,0.03474712371826172,2642.0,3.41859769821167,185,0.0,22724.748,2
StandardGP,82b61edf-33e9-11f0-828c-88a4c2b6c82f,GP_sustavianfeed,52,208,3.591275691986084,0.03839993476867676,2692.0,3.4677894115448,125,0.0,2217.5388,2
StandardGP,82b61edf-33e9-11f0-828c-88a4c2b6c82f,GP_sustavianfeed,52,209,3.591275691986084,0.03483724594116211,2604.0,3.4677894115448,125,0.0,215.57732,2
StandardGP,82b61edf-33e9-11f0-828c-88a4c2b6c82f,GP_sustavianfeed,52,210,3.591275691986084,0.03295421600341797,2492.0,3.4677894115448,125,0.0,55005.48,2
StandardGP,82b61edf-33e9-11f0-828c-88a4c2b6c82f,GP_sustavianfeed,52,211,3.591275691986084,0.03616452217102051,2388.0,3.4677894115448,125,0.0,98.864845,2
StandardGP,82b61edf-33e9-11f0-828c-88a4c2b6c82f,GP_sustavianfeed,52,212,3.591275691986084,0.04011368751525879,2684.0,3.4677894115448,125,0.0,717.0001,2
StandardGP,82b61edf-33e9-11f0-828c-88a4c2b6c82f,GP_sustavianfeed,52,213,3.591275691986084,0.038658857345581055,2764.0,3.4677894115448,125,0.0,3517.1,2
StandardGP,82b61edf-33e9-11f0-828c-88a4c2b6c82f,GP_sustavianfeed,52,214,3.591275691986084,0.04304003715515137,2704.0,3.4677894115448,125,0.0,811.8567,2
StandardGP,82b61edf-33e9-11f0-828c-88a4c2b6c82f,GP_sustavianfeed,52,215,3.591275691986084,0.028947114944458008,2412.0,3.4677894115448,125,0.0,573.48456,2
StandardGP,82b61edf-33e9-11f0-828c-88a4c2b6c82f,GP_sustavianfeed,52,216,3.591275691986084,0.029509305953979492,2326.0,3.4677894115448,125,0.0,1729.2845,2
StandardGP,82b61edf-33e9-11f0-828c-88a4c2b6c82f,GP_sustavianfeed,52,217,3.591275691986084,0.029933929443359375,2256.0,3.4677894115448,125,0.0,2576.7468,2
StandardGP,82b61edf-33e9-11f0-828c-88a4c2b6c82f,GP_sustavianfeed,52,218,3.591275691986084,0.03074812889099121,2188.0,3.4677894115448,125,0.0,15698.346,2
StandardGP,82b61edf-33e9-11f0-828c-88a4c2b6c82f,GP_sustavianfeed,52,219,3.5874409675598145,0.03259682655334473,2252.0,3.452383518218994,137,0.0,49.71865,2
StandardGP,82b61edf-33e9-11f0-828c-88a4c2b6c82f,GP_sustavianfeed,52,220,3.5874409675598145,0.03942251205444336,2312.0,3.452383518218994,137,0.0,250.99487,2
StandardGP,82b61edf-33e9-11f0-828c-88a4c2b6c82f,GP_sustavianfeed,52,221,3.5874409675598145,0.03009629249572754,2352.0,3.452383518218994,137,0.0,407.14575,2
StandardGP,82b61edf-33e9-11f0-828c-88a4c2b6c82f,GP_sustavianfeed,52,222,3.5874409675598145,0.029552936553955078,2208.0,3.452383518218994,137,0.0,70723.19,2
StandardGP,82b61edf-33e9-11f0-828c-88a4c2b6c82f,GP_sustavianfeed,52,223,3.5874409675598145,0.024035930633544922,1868.0,3.452383518218994,137,0.0,1885.6635,2
StandardGP,82b61edf-33e9-11f0-828c-88a4c2b6c82f,GP_sustavianfeed,52,224,3.5874409675598145,0.029910564422607422,1876.0,3.452383518218994,137,0.0,1032.6313,2
StandardGP,82b61edf-33e9-11f0-828c-88a4c2b6c82f,GP_sustavianfeed,52,225,3.5874409675598145,0.025277376174926758,1856.0,3.452383518218994,137,0.0,2040.3455,2
StandardGP,82b61edf-33e9-11f0-828c-88a4c2b6c82f,GP_sustavianfeed,52,226,3.5874409675598145,0.0244443416595459,1982.0,3.452383518218994,137,0.0,101.08763,2
StandardGP,82b61edf-33e9-11f0-828c-88a4c2b6c82f,GP_sustavianfeed,52,227,3.5874409675598145,0.02543354034423828,1770.0,3.452383518218994,137,0.0,732.6349,2
StandardGP,82b61edf-33e9-11f0-828c-88a4c2b6c82f,GP_sustavianfeed,52,228,3.5874409675598145,0.023341655731201172,1750.0,3.452383518218994,137,0.0,115.570946,2
StandardGP,82b61edf-33e9-11f0-828c-88a4c2b6c82f,GP_sustavianfeed,52,229,3.585512399673462,0.026547908782958984,1932.0,3.41550350189209,137,0.0,82.28719,2
StandardGP,82b61edf-33e9-11f0-828c-88a4c2b6c82f,GP_sustavianfeed,52,230,3.585512399673462,0.033672332763671875,2362.0,3.41550350189209,137,0.0,7316.5234,2
StandardGP,82b61edf-33e9-11f0-828c-88a4c2b6c82f,GP_sustavianfeed,52,231,3.585512399673462,0.04422402381896973,2630.0,3.41550350189209,137,0.0,4570.3813,2
StandardGP,82b61edf-33e9-11f0-828c-88a4c2b6c82f,GP_sustavianfeed,52,232,3.585512399673462,0.03911089897155762,2496.0,3.41550350189209,137,0.0,8125.2954,2
StandardGP,82b61edf-33e9-11f0-828c-88a4c2b6c82f,GP_sustavianfeed,52,233,3.585512399673462,0.043306589126586914,2412.0,3.41550350189209,137,0.0,269.7153,2
StandardGP,82b61edf-33e9-11f0-828c-88a4c2b6c82f,GP_sustavianfeed,52,234,3.585512399673462,0.04111361503601074,2552.0,3.41550350189209,137,0.0,243.59514,2
StandardGP,82b61edf-33e9-11f0-828c-88a4c2b6c82f,GP_sustavianfeed,52,235,3.585512399673462,0.04837489128112793,2560.0,3.41550350189209,137,0.0,236.89108,2
StandardGP,82b61edf-33e9-11f0-828c-88a4c2b6c82f,GP_sustavianfeed,52,236,3.585512399673462,0.04291987419128418,2452.0,3.41550350189209,137,0.0,313.8259,2
StandardGP,82b61edf-33e9-11f0-828c-88a4c2b6c82f,GP_sustavianfeed,52,237,3.585512399673462,0.03745436668395996,2512.0,3.41550350189209,137,0.0,10623.044,2
StandardGP,82b61edf-33e9-11f0-828c-88a4c2b6c82f,GP_sustavianfeed,52,238,3.585512399673462,0.03379344940185547,2320.0,3.41550350189209,137,0.0,9238.734,2
StandardGP,82b61edf-33e9-11f0-828c-88a4c2b6c82f,GP_sustavianfeed,52,239,3.585512399673462,0.0404210090637207,2460.0,3.41550350189209,137,0.0,19744.861,2
StandardGP,82b61edf-33e9-11f0-828c-88a4c2b6c82f,GP_sustavianfeed,52,240,3.585512399673462,0.059435367584228516,2436.0,3.41550350189209,137,0.0,200273.52,2
StandardGP,82b61edf-33e9-11f0-828c-88a4c2b6c82f,GP_sustavianfeed,52,241,3.585512399673462,0.03360462188720703,2232.0,3.41550350189209,137,0.0,1550.179,2
StandardGP,82b61edf-33e9-11f0-828c-88a4c2b6c82f,GP_sustavianfeed,52,242,3.585512399673462,0.03172945976257324,2304.0,3.41550350189209,137,0.0,29745.967,2
StandardGP,82b61edf-33e9-11f0-828c-88a4c2b6c82f,GP_sustavianfeed,52,243,3.585512399673462,0.037183284759521484,2300.0,3.41550350189209,137,0.0,110.66959,2
StandardGP,82b61edf-33e9-11f0-828c-88a4c2b6c82f,GP_sustavianfeed,52,244,3.585512399673462,0.04574322700500488,2440.0,3.41550350189209,137,0.0,842.6693,2
StandardGP,82b61edf-33e9-11f0-828c-88a4c2b6c82f,GP_sustavianfeed,52,245,3.585512399673462,0.04478287696838379,2704.0,3.41550350189209,137,0.0,16.089632,2
StandardGP,82b61edf-33e9-11f0-828c-88a4c2b6c82f,GP_sustavianfeed,52,246,3.585512399673462,0.0423274040222168,2424.0,3.41550350189209,137,0.0,16137.925,2
StandardGP,82b61edf-33e9-11f0-828c-88a4c2b6c82f,GP_sustavianfeed,52,247,3.585512399673462,0.03255510330200195,2368.0,3.41550350189209,137,0.0,63642.727,2
StandardGP,82b61edf-33e9-11f0-828c-88a4c2b6c82f,GP_sustavianfeed,52,248,3.585512399673462,0.050328731536865234,2340.0,3.41550350189209,137,0.0,8498.869,2
StandardGP,82b61edf-33e9-11f0-828c-88a4c2b6c82f,GP_sustavianfeed,52,249,3.585512399673462,0.0359044075012207,2264.0,3.41550350189209,137,0.0,257.93567,2
StandardGP,82b61edf-33e9-11f0-828c-88a4c2b6c82f,GP_sustavianfeed,52,250,3.585512399673462,0.03314399719238281,2084.0,3.41550350189209,137,0.0,4491.3633,2
StandardGP,82b61edf-33e9-11f0-828c-88a4c2b6c82f,GP_sustavianfeed,52,251,3.585512399673462,0.02573704719543457,2036.0,3.41550350189209,137,0.0,12420.706,2
StandardGP,82b61edf-33e9-11f0-828c-88a4c2b6c82f,GP_sustavianfeed,52,252,3.585512399673462,0.03700089454650879,2160.0,3.41550350189209,137,0.0,789.9699,2
StandardGP,82b61edf-33e9-11f0-828c-88a4c2b6c82f,GP_sustavianfeed,52,253,3.585512399673462,0.03088235855102539,2380.0,3.41550350189209,137,0.0,19087.322,2
StandardGP,82b61edf-33e9-11f0-828c-88a4c2b6c82f,GP_sustavianfeed,52,254,3.585512399673462,0.0335996150970459,2184.0,3.41550350189209,137,0.0,1265.3834,2
StandardGP,82b61edf-33e9-11f0-828c-88a4c2b6c82f,GP_sustavianfeed,52,255,3.585512399673462,0.03273177146911621,2440.0,3.41550350189209,137,0.0,94.95505,2
StandardGP,82b61edf-33e9-11f0-828c-88a4c2b6c82f,GP_sustavianfeed,52,256,3.5822560787200928,0.03170418739318848,2192.0,3.4209487438201904,125,0.0,161566.66,2
StandardGP,82b61edf-33e9-11f0-828c-88a4c2b6c82f,GP_sustavianfeed,52,257,3.5822560787200928,0.030882596969604492,2066.0,3.4209487438201904,125,0.0,200562.11,2
StandardGP,82b61edf-33e9-11f0-828c-88a4c2b6c82f,GP_sustavianfeed,52,258,3.5822560787200928,0.031207561492919922,2212.0,3.4209487438201904,125,0.0,2897.3047,2
StandardGP,82b61edf-33e9-11f0-828c-88a4c2b6c82f,GP_sustavianfeed,52,259,3.5822560787200928,0.028998374938964844,2280.0,3.4209487438201904,125,0.0,314.95377,2
StandardGP,82b61edf-33e9-11f0-828c-88a4c2b6c82f,GP_sustavianfeed,52,260,3.5822560787200928,0.030360937118530273,2332.0,3.4209487438201904,125,0.0,5575.3945,2
StandardGP,82b61edf-33e9-11f0-828c-88a4c2b6c82f,GP_sustavianfeed,52,261,3.5822560787200928,0.03345632553100586,2440.0,3.4209487438201904,125,0.0,3497.6597,2
StandardGP,82b61edf-33e9-11f0-828c-88a4c2b6c82f,GP_sustavianfeed,52,262,3.5822560787200928,0.032791852951049805,2672.0,3.4209487438201904,125,0.0,939.6792,2
StandardGP,82b61edf-33e9-11f0-828c-88a4c2b6c82f,GP_sustavianfeed,52,263,3.5822560787200928,0.03345489501953125,2608.0,3.4209487438201904,125,0.0,263.73285,2
StandardGP,82b61edf-33e9-11f0-828c-88a4c2b6c82f,GP_sustavianfeed,52,264,3.5822560787200928,0.035100460052490234,2512.0,3.4209487438201904,125,0.0,43468.91,2
StandardGP,82b61edf-33e9-11f0-828c-88a4c2b6c82f,GP_sustavianfeed,52,265,3.5822560787200928,0.02715134620666504,2276.0,3.4209487438201904,125,0.0,12146.601,2
StandardGP,82b61edf-33e9-11f0-828c-88a4c2b6c82f,GP_sustavianfeed,52,266,3.5822560787200928,0.031868696212768555,2304.0,3.4209487438201904,125,0.0,4827.2114,2
StandardGP,82b61edf-33e9-11f0-828c-88a4c2b6c82f,GP_sustavianfeed,52,267,3.5822560787200928,0.030915021896362305,2464.0,3.4209487438201904,125,0.0,5992.9727,2
StandardGP,82b61edf-33e9-11f0-828c-88a4c2b6c82f,GP_sustavianfeed,52,268,3.5822560787200928,0.03781485557556152,2520.0,3.4209487438201904,125,0.0,2408.4968,2
StandardGP,82b61edf-33e9-11f0-828c-88a4c2b6c82f,GP_sustavianfeed,52,269,3.5822560787200928,0.03605055809020996,2436.0,3.4209487438201904,125,0.0,2731.1157,2
StandardGP,82b61edf-33e9-11f0-828c-88a4c2b6c82f,GP_sustavianfeed,52,270,3.5822560787200928,0.03770160675048828,2344.0,3.4209487438201904,125,0.0,206.05685,2
StandardGP,82b61edf-33e9-11f0-828c-88a4c2b6c82f,GP_sustavianfeed,52,271,3.5822560787200928,0.03077530860900879,2196.0,3.4209487438201904,125,0.0,23938.238,2
StandardGP,82b61edf-33e9-11f0-828c-88a4c2b6c82f,GP_sustavianfeed,52,272,3.5822560787200928,0.034394264221191406,2310.0,3.4209487438201904,125,0.0,68377.62,2
StandardGP,82b61edf-33e9-11f0-828c-88a4c2b6c82f,GP_sustavianfeed,52,273,3.5803823471069336,0.03133893013000488,2356.0,3.397968292236328,161,0.0,160.52669,2
StandardGP,82b61edf-33e9-11f0-828c-88a4c2b6c82f,GP_sustavianfeed,52,274,3.5803823471069336,0.030310869216918945,2180.0,3.397968292236328,161,0.0,9110.932,2
StandardGP,82b61edf-33e9-11f0-828c-88a4c2b6c82f,GP_sustavianfeed,52,275,3.5803823471069336,0.02785491943359375,2268.0,3.397968292236328,161,0.0,873.4396,2
StandardGP,82b61edf-33e9-11f0-828c-88a4c2b6c82f,GP_sustavianfeed,52,276,3.5803823471069336,0.029257774353027344,2408.0,3.397968292236328,161,0.0,73.50976,2
StandardGP,82b61edf-33e9-11f0-828c-88a4c2b6c82f,GP_sustavianfeed,52,277,3.44008731842041,0.03214669227600098,2524.0,2.527358293533325,161,0.0,3634.8896,2
StandardGP,82b61edf-33e9-11f0-828c-88a4c2b6c82f,GP_sustavianfeed,52,278,3.3291971683502197,0.030413389205932617,2308.0,2.7442870140075684,161,0.0,65313.39,2
StandardGP,82b61edf-33e9-11f0-828c-88a4c2b6c82f,GP_sustavianfeed,52,279,3.3291971683502197,0.03359818458557129,2582.0,2.7442870140075684,161,0.0,4173.916,2
StandardGP,82b61edf-33e9-11f0-828c-88a4c2b6c82f,GP_sustavianfeed,52,280,3.3291971683502197,0.037955284118652344,2858.0,2.7442870140075684,161,0.0,48276.766,2
StandardGP,82b61edf-33e9-11f0-828c-88a4c2b6c82f,GP_sustavianfeed,52,281,3.3291971683502197,0.032500505447387695,2460.0,2.7442870140075684,161,0.0,5756.4956,2
StandardGP,82b61edf-33e9-11f0-828c-88a4c2b6c82f,GP_sustavianfeed,52,282,2.93738055229187,0.03917336463928223,2848.0,2.289344549179077,89,0.0,344.87756,2
StandardGP,82b61edf-33e9-11f0-828c-88a4c2b6c82f,GP_sustavianfeed,52,283,2.93738055229187,0.03739666938781738,2848.0,2.289344549179077,89,0.0,16517.984,2
StandardGP,82b61edf-33e9-11f0-828c-88a4c2b6c82f,GP_sustavianfeed,52,284,2.93738055229187,0.03703594207763672,2756.0,2.289344549179077,89,0.0,2278.6646,2
StandardGP,82b61edf-33e9-11f0-828c-88a4c2b6c82f,GP_sustavianfeed,52,285,2.93738055229187,0.033263206481933594,2576.0,2.289344549179077,89,0.0,23026.297,2
StandardGP,82b61edf-33e9-11f0-828c-88a4c2b6c82f,GP_sustavianfeed,52,286,2.93738055229187,0.031071186065673828,2502.0,2.289344549179077,89,0.0,129.71194,2
StandardGP,82b61edf-33e9-11f0-828c-88a4c2b6c82f,GP_sustavianfeed,52,287,2.937380313873291,0.03095412254333496,2220.0,2.289344549179077,161,0.0,2968.7039,2
StandardGP,82b61edf-33e9-11f0-828c-88a4c2b6c82f,GP_sustavianfeed,52,288,2.937380313873291,0.03284454345703125,2488.0,2.289344549179077,161,0.0,1483.1077,2
StandardGP,82b61edf-33e9-11f0-828c-88a4c2b6c82f,GP_sustavianfeed,52,289,2.937380313873291,0.030109167098999023,2618.0,2.289344549179077,161,0.0,378.09824,2
StandardGP,82b61edf-33e9-11f0-828c-88a4c2b6c82f,GP_sustavianfeed,52,290,2.937380313873291,0.034887075424194336,2968.0,2.289344549179077,161,0.0,40577.188,2
StandardGP,82b61edf-33e9-11f0-828c-88a4c2b6c82f,GP_sustavianfeed,52,291,2.937380313873291,0.03566265106201172,3036.0,2.289344549179077,161,0.0,3568.271,2
StandardGP,82b61edf-33e9-11f0-828c-88a4c2b6c82f,GP_sustavianfeed,52,292,2.937380313873291,0.03806924819946289,2916.0,2.289344549179077,161,0.0,1270.0828,2
StandardGP,82b61edf-33e9-11f0-828c-88a4c2b6c82f,GP_sustavianfeed,52,293,2.937380313873291,0.040369510650634766,3246.0,2.289344549179077,161,0.0,4928.982,2
StandardGP,82b61edf-33e9-11f0-828c-88a4c2b6c82f,GP_sustavianfeed,52,294,2.937380313873291,0.030790090560913086,2440.0,2.289344549179077,161,0.0,62227.41,2
StandardGP,82b61edf-33e9-11f0-828c-88a4c2b6c82f,GP_sustavianfeed,52,295,2.937380313873291,0.03192305564880371,2400.0,2.289344549179077,161,0.0,151930.77,2
StandardGP,82b61edf-33e9-11f0-828c-88a4c2b6c82f,GP_sustavianfeed,52,296,2.937380313873291,0.03691840171813965,2790.0,2.289344549179077,161,0.0,337.02136,2
StandardGP,82b61edf-33e9-11f0-828c-88a4c2b6c82f,GP_sustavianfeed,52,297,2.937380313873291,0.03951072692871094,2836.0,2.289344549179077,161,0.0,5281.82,2
StandardGP,82b61edf-33e9-11f0-828c-88a4c2b6c82f,GP_sustavianfeed,52,298,2.937380313873291,0.0366511344909668,2906.0,2.289344549179077,161,0.0,78411.516,2
StandardGP,82b61edf-33e9-11f0-828c-88a4c2b6c82f,GP_sustavianfeed,52,299,2.937380313873291,0.03937864303588867,3232.0,2.289344549179077,161,0.0,76685.09,2
StandardGP,82b61edf-33e9-11f0-828c-88a4c2b6c82f,GP_sustavianfeed,52,300,2.937380313873291,0.05132174491882324,3470.0,2.289344549179077,161,0.0,3570.8472,2
StandardGP,82b61edf-33e9-11f0-828c-88a4c2b6c82f,GP_sustavianfeed,52,301,2.937380313873291,0.042642831802368164,3170.0,2.289344549179077,161,0.0,228.10002,2
StandardGP,82b61edf-33e9-11f0-828c-88a4c2b6c82f,GP_sustavianfeed,52,302,2.937380313873291,0.040384769439697266,2968.0,2.289344549179077,161,0.0,465.90677,2
StandardGP,82b61edf-33e9-11f0-828c-88a4c2b6c82f,GP_sustavianfeed,52,303,2.937380313873291,0.03847837448120117,2966.0,2.289344549179077,161,0.0,10584.768,2
StandardGP,82b61edf-33e9-11f0-828c-88a4c2b6c82f,GP_sustavianfeed,52,304,2.937380313873291,0.0465245246887207,3374.0,2.289344549179077,161,0.0,805.2669,2
StandardGP,82b61edf-33e9-11f0-828c-88a4c2b6c82f,GP_sustavianfeed,52,305,2.937380313873291,0.04079437255859375,3120.0,2.289344549179077,161,0.0,118647.07,2
StandardGP,82b61edf-33e9-11f0-828c-88a4c2b6c82f,GP_sustavianfeed,52,306,2.937380313873291,0.03562164306640625,2774.0,2.289344549179077,161,0.0,92887.48,2
StandardGP,82b61edf-33e9-11f0-828c-88a4c2b6c82f,GP_sustavianfeed,52,307,2.937380313873291,0.036463022232055664,2740.0,2.289344549179077,161,0.0,184851.64,2
StandardGP,82b61edf-33e9-11f0-828c-88a4c2b6c82f,GP_sustavianfeed,52,308,2.937380313873291,0.03749275207519531,2940.0,2.289344549179077,161,0.0,1825.8065,2
StandardGP,82b61edf-33e9-11f0-828c-88a4c2b6c82f,GP_sustavianfeed,52,309,2.937380313873291,0.046185970306396484,3196.0,2.289344549179077,161,0.0,46.442245,2
StandardGP,82b61edf-33e9-11f0-828c-88a4c2b6c82f,GP_sustavianfeed,52,310,2.937380313873291,0.04430985450744629,3432.0,2.289344549179077,161,0.0,262.2711,2
StandardGP,82b61edf-33e9-11f0-828c-88a4c2b6c82f,GP_sustavianfeed,52,311,2.937380313873291,0.039201974868774414,2966.0,2.289344549179077,161,0.0,151.70235,2
StandardGP,82b61edf-33e9-11f0-828c-88a4c2b6c82f,GP_sustavianfeed,52,312,2.937380313873291,0.03875160217285156,3128.0,2.289344549179077,161,0.0,795594.5,2
StandardGP,82b61edf-33e9-11f0-828c-88a4c2b6c82f,GP_sustavianfeed,52,313,2.937380313873291,0.03988051414489746,3124.0,2.289344549179077,161,0.0,143.60016,2
StandardGP,82b61edf-33e9-11f0-828c-88a4c2b6c82f,GP_sustavianfeed,52,314,2.937380313873291,0.04731440544128418,3170.0,2.289344549179077,161,0.0,58312.67,2
StandardGP,82b61edf-33e9-11f0-828c-88a4c2b6c82f,GP_sustavianfeed,52,315,2.937380313873291,0.038466691970825195,3108.0,2.289344549179077,161,0.0,542.2564,2
StandardGP,82b61edf-33e9-11f0-828c-88a4c2b6c82f,GP_sustavianfeed,52,316,2.937380313873291,0.04882693290710449,3880.0,2.289344549179077,161,0.0,139498.64,2
StandardGP,82b61edf-33e9-11f0-828c-88a4c2b6c82f,GP_sustavianfeed,52,317,2.937380313873291,0.055104732513427734,3520.0,2.289344549179077,161,0.0,572.63275,2
StandardGP,82b61edf-33e9-11f0-828c-88a4c2b6c82f,GP_sustavianfeed,52,318,2.937380313873291,0.055596113204956055,4180.0,2.289344549179077,161,0.0,36228.477,2
StandardGP,82b61edf-33e9-11f0-828c-88a4c2b6c82f,GP_sustavianfeed,52,319,2.937380313873291,0.0447392463684082,3568.0,2.289344549179077,161,0.0,475.33276,2
StandardGP,82b61edf-33e9-11f0-828c-88a4c2b6c82f,GP_sustavianfeed,52,320,2.937380313873291,0.04309678077697754,3406.0,2.289344549179077,161,0.0,863.19995,2
StandardGP,82b61edf-33e9-11f0-828c-88a4c2b6c82f,GP_sustavianfeed,52,321,2.937380313873291,0.04094266891479492,3184.0,2.289344549179077,161,0.0,648.5647,2
StandardGP,82b61edf-33e9-11f0-828c-88a4c2b6c82f,GP_sustavianfeed,52,322,2.937380313873291,0.04190468788146973,3244.0,2.289344549179077,161,0.0,555.03345,2
StandardGP,82b61edf-33e9-11f0-828c-88a4c2b6c82f,GP_sustavianfeed,52,323,2.937380313873291,0.044841766357421875,3148.0,2.289344549179077,161,0.0,2796.2302,2
StandardGP,82b61edf-33e9-11f0-828c-88a4c2b6c82f,GP_sustavianfeed,52,324,2.937380313873291,0.06031179428100586,3250.0,2.289344549179077,161,0.0,29654.504,2
StandardGP,82b61edf-33e9-11f0-828c-88a4c2b6c82f,GP_sustavianfeed,52,325,2.937380313873291,0.040578603744506836,3202.0,2.289344549179077,161,0.0,530.208,2
StandardGP,82b61edf-33e9-11f0-828c-88a4c2b6c82f,GP_sustavianfeed,52,326,2.937380313873291,0.04213714599609375,2956.0,2.289344549179077,161,0.0,131.64626,2
StandardGP,82b61edf-33e9-11f0-828c-88a4c2b6c82f,GP_sustavianfeed,52,327,2.937380313873291,0.03780245780944824,2870.0,2.289344549179077,161,0.0,1726.0276,2
StandardGP,82b61edf-33e9-11f0-828c-88a4c2b6c82f,GP_sustavianfeed,52,328,2.937380313873291,0.04579806327819824,3216.0,2.289344549179077,161,0.0,162877.84,2
StandardGP,82b61edf-33e9-11f0-828c-88a4c2b6c82f,GP_sustavianfeed,52,329,2.937380313873291,0.03763532638549805,3020.0,2.289344549179077,161,0.0,1010.5039,2
StandardGP,82b61edf-33e9-11f0-828c-88a4c2b6c82f,GP_sustavianfeed,52,330,2.937380313873291,0.041290283203125,3184.0,2.289344549179077,161,0.0,35.69308,2
StandardGP,82b61edf-33e9-11f0-828c-88a4c2b6c82f,GP_sustavianfeed,52,331,2.937380313873291,0.03701472282409668,2902.0,2.289344549179077,161,0.0,84.01755,2
StandardGP,82b61edf-33e9-11f0-828c-88a4c2b6c82f,GP_sustavianfeed,52,332,2.937380313873291,0.040662527084350586,3048.0,2.289344549179077,161,0.0,128.17314,2
StandardGP,82b61edf-33e9-11f0-828c-88a4c2b6c82f,GP_sustavianfeed,52,333,2.937380313873291,0.04037046432495117,3230.0,2.289344549179077,161,0.0,7524.3716,2
StandardGP,82b61edf-33e9-11f0-828c-88a4c2b6c82f,GP_sustavianfeed,52,334,2.937380313873291,0.03796076774597168,3142.0,2.289344549179077,161,0.0,19028.58,2
StandardGP,82b61edf-33e9-11f0-828c-88a4c2b6c82f,GP_sustavianfeed,52,335,2.937380313873291,0.041298627853393555,3166.0,2.289344549179077,161,0.0,1406.402,2
StandardGP,82b61edf-33e9-11f0-828c-88a4c2b6c82f,GP_sustavianfeed,52,336,2.937380313873291,0.03603649139404297,2994.0,2.289344549179077,161,0.0,62948.895,2
StandardGP,82b61edf-33e9-11f0-828c-88a4c2b6c82f,GP_sustavianfeed,52,337,2.937380313873291,0.04407548904418945,3146.0,2.289344549179077,161,0.0,2900.0342,2
StandardGP,82b61edf-33e9-11f0-828c-88a4c2b6c82f,GP_sustavianfeed,52,338,2.937380313873291,0.04012465476989746,3232.0,2.289344549179077,161,0.0,1696.0969,2
StandardGP,82b61edf-33e9-11f0-828c-88a4c2b6c82f,GP_sustavianfeed,52,339,2.937380313873291,0.03275918960571289,2524.0,2.289344549179077,161,0.0,42940.6,2
StandardGP,82b61edf-33e9-11f0-828c-88a4c2b6c82f,GP_sustavianfeed,52,340,2.937380313873291,0.03841280937194824,3014.0,2.289344549179077,161,0.0,1164.7125,2
StandardGP,82b61edf-33e9-11f0-828c-88a4c2b6c82f,GP_sustavianfeed,52,341,2.937380313873291,0.03281974792480469,2616.0,2.289344549179077,161,0.0,276.10965,2
StandardGP,82b61edf-33e9-11f0-828c-88a4c2b6c82f,GP_sustavianfeed,52,342,2.937380313873291,0.03809332847595215,2656.0,2.289344549179077,161,0.0,34219.332,2
StandardGP,82b61edf-33e9-11f0-828c-88a4c2b6c82f,GP_sustavianfeed,52,343,2.937380313873291,0.03820347785949707,2852.0,2.289344549179077,161,0.0,629.1133,2
StandardGP,82b61edf-33e9-11f0-828c-88a4c2b6c82f,GP_sustavianfeed,52,344,2.937380313873291,0.03670167922973633,2944.0,2.289344549179077,161,0.0,371.15286,2
StandardGP,82b61edf-33e9-11f0-828c-88a4c2b6c82f,GP_sustavianfeed,52,345,2.937380313873291,0.0418705940246582,3056.0,2.289344549179077,161,0.0,3212.838,2
StandardGP,82b61edf-33e9-11f0-828c-88a4c2b6c82f,GP_sustavianfeed,52,346,2.937380313873291,0.04483985900878906,3130.0,2.289344549179077,161,0.0,5814.2715,2
StandardGP,82b61edf-33e9-11f0-828c-88a4c2b6c82f,GP_sustavianfeed,52,347,2.937380313873291,0.040912628173828125,3082.0,2.289344549179077,161,0.0,780.1322,2
StandardGP,82b61edf-33e9-11f0-828c-88a4c2b6c82f,GP_sustavianfeed,52,348,2.937380313873291,0.040836334228515625,3188.0,2.289344549179077,161,0.0,61.28525,2
StandardGP,82b61edf-33e9-11f0-828c-88a4c2b6c82f,GP_sustavianfeed,52,349,2.937380313873291,0.03359866142272949,2700.0,2.289344549179077,161,0.0,361.83713,2
StandardGP,82b61edf-33e9-11f0-828c-88a4c2b6c82f,GP_sustavianfeed,52,350,2.937380313873291,0.03840303421020508,3144.0,2.289344549179077,161,0.0,386.3411,2
StandardGP,82b61edf-33e9-11f0-828c-88a4c2b6c82f,GP_sustavianfeed,52,351,2.937380313873291,0.04735279083251953,3350.0,2.289344549179077,161,0.0,940.8765,2
StandardGP,82b61edf-33e9-11f0-828c-88a4c2b6c82f,GP_sustavianfeed,52,352,2.937380313873291,0.04463672637939453,3282.0,2.289344549179077,161,0.0,374.4884,2
StandardGP,82b61edf-33e9-11f0-828c-88a4c2b6c82f,GP_sustavianfeed,52,353,2.937380313873291,0.041419029235839844,3216.0,2.289344549179077,161,0.0,12387.882,2
StandardGP,82b61edf-33e9-11f0-828c-88a4c2b6c82f,GP_sustavianfeed,52,354,2.937380313873291,0.037425994873046875,2804.0,2.289344549179077,161,0.0,211.71896,2
StandardGP,82b61edf-33e9-11f0-828c-88a4c2b6c82f,GP_sustavianfeed,52,355,2.937380313873291,0.03343963623046875,2846.0,2.289344549179077,161,0.0,319.10992,2
StandardGP,82b61edf-33e9-11f0-828c-88a4c2b6c82f,GP_sustavianfeed,52,356,2.937380313873291,0.038365840911865234,3014.0,2.289344549179077,161,0.0,179.81738,2
StandardGP,82b61edf-33e9-11f0-828c-88a4c2b6c82f,GP_sustavianfeed,52,357,2.937380313873291,0.03895068168640137,3074.0,2.289344549179077,161,0.0,499.7911,2
StandardGP,82b61edf-33e9-11f0-828c-88a4c2b6c82f,GP_sustavianfeed,52,358,2.937380313873291,0.03392481803894043,2788.0,2.289344549179077,161,0.0,267.9611,2
StandardGP,82b61edf-33e9-11f0-828c-88a4c2b6c82f,GP_sustavianfeed,52,359,2.937380313873291,0.0349726676940918,2946.0,2.289344549179077,161,0.0,25149.254,2
StandardGP,82b61edf-33e9-11f0-828c-88a4c2b6c82f,GP_sustavianfeed,52,360,2.937380313873291,0.041831254959106445,2968.0,2.289344549179077,161,0.0,607.25476,2
StandardGP,82b61edf-33e9-11f0-828c-88a4c2b6c82f,GP_sustavianfeed,52,361,2.937380313873291,0.043250083923339844,3400.0,2.289344549179077,161,0.0,1700.199,2
StandardGP,82b61edf-33e9-11f0-828c-88a4c2b6c82f,GP_sustavianfeed,52,362,2.937380313873291,0.04099678993225098,3126.0,2.289344549179077,161,0.0,89.91594,2
StandardGP,82b61edf-33e9-11f0-828c-88a4c2b6c82f,GP_sustavianfeed,52,363,2.937380313873291,0.040964603424072266,3080.0,2.289344549179077,161,0.0,6860.6377,2
StandardGP,82b61edf-33e9-11f0-828c-88a4c2b6c82f,GP_sustavianfeed,52,364,2.937380313873291,0.04491305351257324,3186.0,2.289344549179077,161,0.0,25095.56,2
StandardGP,82b61edf-33e9-11f0-828c-88a4c2b6c82f,GP_sustavianfeed,52,365,2.937380313873291,0.04609322547912598,3314.0,2.289344549179077,161,0.0,862.0564,2
StandardGP,82b61edf-33e9-11f0-828c-88a4c2b6c82f,GP_sustavianfeed,52,366,2.937380313873291,0.04621553421020508,3316.0,2.289344549179077,161,0.0,2784.4358,2
StandardGP,82b61edf-33e9-11f0-828c-88a4c2b6c82f,GP_sustavianfeed,52,367,2.937380313873291,0.04393935203552246,3516.0,2.289344549179077,161,0.0,188.73561,2
StandardGP,82b61edf-33e9-11f0-828c-88a4c2b6c82f,GP_sustavianfeed,52,368,2.937380313873291,0.04984331130981445,3252.0,2.289344549179077,161,0.0,607.1553,2
StandardGP,82b61edf-33e9-11f0-828c-88a4c2b6c82f,GP_sustavianfeed,52,369,2.937380313873291,0.04366660118103027,3592.0,2.289344549179077,161,0.0,307.09256,2
StandardGP,82b61edf-33e9-11f0-828c-88a4c2b6c82f,GP_sustavianfeed,52,370,2.937380313873291,0.04305863380432129,3184.0,2.289344549179077,161,0.0,148.9878,2
StandardGP,82b61edf-33e9-11f0-828c-88a4c2b6c82f,GP_sustavianfeed,52,371,2.937380313873291,0.033976078033447266,2740.0,2.289344549179077,161,0.0,4075.6716,2
StandardGP,82b61edf-33e9-11f0-828c-88a4c2b6c82f,GP_sustavianfeed,52,372,2.937380313873291,0.037853240966796875,2912.0,2.289344549179077,161,0.0,1491.2324,2
StandardGP,82b61edf-33e9-11f0-828c-88a4c2b6c82f,GP_sustavianfeed,52,373,2.937380313873291,0.03774762153625488,2992.0,2.289344549179077,161,0.0,609.23364,2
StandardGP,82b61edf-33e9-11f0-828c-88a4c2b6c82f,GP_sustavianfeed,52,374,2.937380313873291,0.04178309440612793,3136.0,2.289344549179077,161,0.0,119647.91,2
StandardGP,82b61edf-33e9-11f0-828c-88a4c2b6c82f,GP_sustavianfeed,52,375,2.937380313873291,0.036531686782836914,2862.0,2.289344549179077,161,0.0,374.3759,2
StandardGP,82b61edf-33e9-11f0-828c-88a4c2b6c82f,GP_sustavianfeed,52,376,2.937380313873291,0.03790450096130371,2756.0,2.289344549179077,161,0.0,737.04816,2
StandardGP,82b61edf-33e9-11f0-828c-88a4c2b6c82f,GP_sustavianfeed,52,377,2.937380313873291,0.03722095489501953,2798.0,2.289344549179077,161,0.0,12843.308,2
StandardGP,82b61edf-33e9-11f0-828c-88a4c2b6c82f,GP_sustavianfeed,52,378,2.937380313873291,0.03147387504577637,2432.0,2.289344549179077,161,0.0,1441.0502,2
StandardGP,82b61edf-33e9-11f0-828c-88a4c2b6c82f,GP_sustavianfeed,52,379,2.937380313873291,0.03519582748413086,2668.0,2.289344549179077,161,0.0,264395.6,2
StandardGP,82b61edf-33e9-11f0-828c-88a4c2b6c82f,GP_sustavianfeed,52,380,2.937380313873291,0.04401898384094238,2948.0,2.289344549179077,161,0.0,117.268166,2
StandardGP,82b61edf-33e9-11f0-828c-88a4c2b6c82f,GP_sustavianfeed,52,381,2.937380313873291,0.03771162033081055,2972.0,2.289344549179077,161,0.0,957.3929,2
StandardGP,82b61edf-33e9-11f0-828c-88a4c2b6c82f,GP_sustavianfeed,52,382,2.937380313873291,0.03652548789978027,3028.0,2.289344549179077,161,0.0,1620.2927,2
StandardGP,82b61edf-33e9-11f0-828c-88a4c2b6c82f,GP_sustavianfeed,52,383,2.937380313873291,0.04874372482299805,3396.0,2.289344549179077,161,0.0,1110.2386,2
StandardGP,82b61edf-33e9-11f0-828c-88a4c2b6c82f,GP_sustavianfeed,52,384,2.937380313873291,0.040415287017822266,3178.0,2.289344549179077,161,0.0,227307.38,2
StandardGP,82b61edf-33e9-11f0-828c-88a4c2b6c82f,GP_sustavianfeed,52,385,2.937380313873291,0.046871185302734375,3604.0,2.289344549179077,161,0.0,235.88269,2
StandardGP,82b61edf-33e9-11f0-828c-88a4c2b6c82f,GP_sustavianfeed,52,386,2.937380313873291,0.03948330879211426,3354.0,2.289344549179077,161,0.0,78.0071,2
StandardGP,82b61edf-33e9-11f0-828c-88a4c2b6c82f,GP_sustavianfeed,52,387,2.937380313873291,0.04331040382385254,2858.0,2.289344549179077,161,0.0,471.41083,2
StandardGP,82b61edf-33e9-11f0-828c-88a4c2b6c82f,GP_sustavianfeed,52,388,2.937380313873291,0.03999590873718262,3050.0,2.289344549179077,161,0.0,142.40901,2
StandardGP,82b61edf-33e9-11f0-828c-88a4c2b6c82f,GP_sustavianfeed,52,389,2.937380313873291,0.036885976791381836,3064.0,2.289344549179077,161,0.0,1404.8424,2
StandardGP,82b61edf-33e9-11f0-828c-88a4c2b6c82f,GP_sustavianfeed,52,390,2.937380313873291,0.03913140296936035,2880.0,2.289344549179077,161,0.0,2241.0017,2
StandardGP,82b61edf-33e9-11f0-828c-88a4c2b6c82f,GP_sustavianfeed,52,391,2.937380313873291,0.039934635162353516,3078.0,2.289344549179077,161,0.0,6330.411,2
StandardGP,82b61edf-33e9-11f0-828c-88a4c2b6c82f,GP_sustavianfeed,52,392,2.937380313873291,0.03828835487365723,2996.0,2.289344549179077,161,0.0,1914.9054,2
StandardGP,82b61edf-33e9-11f0-828c-88a4c2b6c82f,GP_sustavianfeed,52,393,2.937380313873291,0.03593707084655762,2756.0,2.289344549179077,161,0.0,331556.5,2
StandardGP,82b61edf-33e9-11f0-828c-88a4c2b6c82f,GP_sustavianfeed,52,394,2.937380313873291,0.037308454513549805,3004.0,2.289344549179077,161,0.0,607.3238,2
StandardGP,82b61edf-33e9-11f0-828c-88a4c2b6c82f,GP_sustavianfeed,52,395,2.937380313873291,0.03891468048095703,3046.0,2.289344549179077,161,0.0,109702.56,2
StandardGP,82b61edf-33e9-11f0-828c-88a4c2b6c82f,GP_sustavianfeed,52,396,2.937380313873291,0.03905177116394043,3246.0,2.289344549179077,161,0.0,43829.508,2
StandardGP,82b61edf-33e9-11f0-828c-88a4c2b6c82f,GP_sustavianfeed,52,397,2.937380313873291,0.0392301082611084,3190.0,2.289344549179077,161,0.0,22374.451,2
StandardGP,82b61edf-33e9-11f0-828c-88a4c2b6c82f,GP_sustavianfeed,52,398,2.937380313873291,0.04397320747375488,3068.0,2.289344549179077,161,0.0,42.000103,2
StandardGP,82b61edf-33e9-11f0-828c-88a4c2b6c82f,GP_sustavianfeed,52,399,2.937380313873291,0.037827491760253906,3258.0,2.289344549179077,161,0.0,11536.821,2
StandardGP,82b61edf-33e9-11f0-828c-88a4c2b6c82f,GP_sustavianfeed,52,400,2.937380313873291,0.043280601501464844,3666.0,2.289344549179077,161,0.0,668.6677,2
StandardGP,82b61edf-33e9-11f0-828c-88a4c2b6c82f,GP_sustavianfeed,52,401,2.937380313873291,0.04148077964782715,3234.0,2.289344549179077,161,0.0,125358.9,2
StandardGP,82b61edf-33e9-11f0-828c-88a4c2b6c82f,GP_sustavianfeed,52,402,2.937380313873291,0.04034709930419922,2800.0,2.289344549179077,161,0.0,7890.4614,2
StandardGP,82b61edf-33e9-11f0-828c-88a4c2b6c82f,GP_sustavianfeed,52,403,2.937380313873291,0.0398402214050293,2948.0,2.289344549179077,161,0.0,76.16181,2
StandardGP,82b61edf-33e9-11f0-828c-88a4c2b6c82f,GP_sustavianfeed,52,404,2.937380313873291,0.040494441986083984,2690.0,2.289344549179077,161,0.0,2126.5857,2
StandardGP,82b61edf-33e9-11f0-828c-88a4c2b6c82f,GP_sustavianfeed,52,405,2.937380313873291,0.03959083557128906,2908.0,2.289344549179077,161,0.0,12842.7,2
StandardGP,82b61edf-33e9-11f0-828c-88a4c2b6c82f,GP_sustavianfeed,52,406,2.937380313873291,0.03201913833618164,2598.0,2.289344549179077,161,0.0,4758.8887,2
StandardGP,82b61edf-33e9-11f0-828c-88a4c2b6c82f,GP_sustavianfeed,52,407,2.937380313873291,0.03551316261291504,2716.0,2.289344549179077,161,0.0,1133.7327,2
StandardGP,82b61edf-33e9-11f0-828c-88a4c2b6c82f,GP_sustavianfeed,52,408,2.937380313873291,0.039021968841552734,2774.0,2.289344549179077,161,0.0,63085.273,2
StandardGP,82b61edf-33e9-11f0-828c-88a4c2b6c82f,GP_sustavianfeed,52,409,2.937380313873291,0.03623366355895996,2818.0,2.289344549179077,161,0.0,15033.757,2
StandardGP,82b61edf-33e9-11f0-828c-88a4c2b6c82f,GP_sustavianfeed,52,410,2.937380313873291,0.0341646671295166,2906.0,2.289344549179077,161,0.0,219889.56,2
StandardGP,82b61edf-33e9-11f0-828c-88a4c2b6c82f,GP_sustavianfeed,52,411,2.937380313873291,0.04024958610534668,2932.0,2.289344549179077,161,0.0,38778.312,2
StandardGP,82b61edf-33e9-11f0-828c-88a4c2b6c82f,GP_sustavianfeed,52,412,2.937380313873291,0.04303860664367676,3314.0,2.289344549179077,161,0.0,297.27393,2
StandardGP,82b61edf-33e9-11f0-828c-88a4c2b6c82f,GP_sustavianfeed,52,413,2.937380313873291,0.04202008247375488,3452.0,2.289344549179077,161,0.0,441.33344,2
StandardGP,82b61edf-33e9-11f0-828c-88a4c2b6c82f,GP_sustavianfeed,52,414,2.937380313873291,0.04570746421813965,3166.0,2.289344549179077,161,0.0,472.74173,2
StandardGP,82b61edf-33e9-11f0-828c-88a4c2b6c82f,GP_sustavianfeed,52,415,2.937380313873291,0.03977775573730469,2840.0,2.289344549179077,161,0.0,39076.92,2
StandardGP,82b61edf-33e9-11f0-828c-88a4c2b6c82f,GP_sustavianfeed,52,416,2.937380313873291,0.04082632064819336,2864.0,2.289344549179077,161,0.0,1008.31824,2
StandardGP,82b61edf-33e9-11f0-828c-88a4c2b6c82f,GP_sustavianfeed,52,417,2.937380313873291,0.038378000259399414,2898.0,2.289344549179077,161,0.0,13997.181,2
StandardGP,82b61edf-33e9-11f0-828c-88a4c2b6c82f,GP_sustavianfeed,52,418,2.937380313873291,0.03602242469787598,2976.0,2.289344549179077,161,0.0,7059.1235,2
StandardGP,82b61edf-33e9-11f0-828c-88a4c2b6c82f,GP_sustavianfeed,52,419,2.937380313873291,0.04810810089111328,3340.0,2.289344549179077,161,0.0,19.895275,2
StandardGP,82b61edf-33e9-11f0-828c-88a4c2b6c82f,GP_sustavianfeed,52,420,2.937380313873291,0.04530143737792969,3382.0,2.289344549179077,161,0.0,1036.4254,2
StandardGP,82b61edf-33e9-11f0-828c-88a4c2b6c82f,GP_sustavianfeed,52,421,2.937380313873291,0.05270671844482422,3712.0,2.289344549179077,161,0.0,60.34994,2
StandardGP,82b61edf-33e9-11f0-828c-88a4c2b6c82f,GP_sustavianfeed,52,422,2.937380313873291,0.040663719177246094,3262.0,2.289344549179077,161,0.0,127109.86,2
StandardGP,82b61edf-33e9-11f0-828c-88a4c2b6c82f,GP_sustavianfeed,52,423,2.937380313873291,0.04148530960083008,3180.0,2.289344549179077,161,0.0,2270.036,2
StandardGP,82b61edf-33e9-11f0-828c-88a4c2b6c82f,GP_sustavianfeed,52,424,2.937380313873291,0.03927206993103027,2790.0,2.289344549179077,161,0.0,8258.906,2
StandardGP,82b61edf-33e9-11f0-828c-88a4c2b6c82f,GP_sustavianfeed,52,425,2.937380313873291,0.038361549377441406,3052.0,2.289344549179077,161,0.0,925.78705,2
StandardGP,82b61edf-33e9-11f0-828c-88a4c2b6c82f,GP_sustavianfeed,52,426,2.937380313873291,0.03694319725036621,2854.0,2.289344549179077,161,0.0,27737.094,2
StandardGP,82b61edf-33e9-11f0-828c-88a4c2b6c82f,GP_sustavianfeed,52,427,2.937380313873291,0.03741049766540527,3178.0,2.289344549179077,161,0.0,284.43918,2
StandardGP,82b61edf-33e9-11f0-828c-88a4c2b6c82f,GP_sustavianfeed,52,428,2.937380313873291,0.03954434394836426,3130.0,2.289344549179077,161,0.0,1002.6781,2
StandardGP,82b61edf-33e9-11f0-828c-88a4c2b6c82f,GP_sustavianfeed,52,429,2.937380313873291,0.04413557052612305,3560.0,2.289344549179077,161,0.0,1259.1111,2
StandardGP,82b61edf-33e9-11f0-828c-88a4c2b6c82f,GP_sustavianfeed,52,430,2.937380313873291,0.03956437110900879,3438.0,2.289344549179077,161,0.0,100.89791,2
StandardGP,82b61edf-33e9-11f0-828c-88a4c2b6c82f,GP_sustavianfeed,52,431,2.937380313873291,0.0439760684967041,3492.0,2.289344549179077,161,0.0,18.23094,2
StandardGP,82b61edf-33e9-11f0-828c-88a4c2b6c82f,GP_sustavianfeed,52,432,2.937380313873291,0.04456019401550293,3310.0,2.289344549179077,161,0.0,16.71379,2
StandardGP,82b61edf-33e9-11f0-828c-88a4c2b6c82f,GP_sustavianfeed,52,433,2.937380313873291,0.04881024360656738,3484.0,2.289344549179077,161,0.0,37334.812,2
StandardGP,82b61edf-33e9-11f0-828c-88a4c2b6c82f,GP_sustavianfeed,52,434,2.937380313873291,0.042833805084228516,3348.0,2.289344549179077,161,0.0,9617.928,2
StandardGP,82b61edf-33e9-11f0-828c-88a4c2b6c82f,GP_sustavianfeed,52,435,2.937380313873291,0.04250192642211914,3570.0,2.289344549179077,161,0.0,594.82654,2
StandardGP,82b61edf-33e9-11f0-828c-88a4c2b6c82f,GP_sustavianfeed,52,436,2.937380313873291,0.044374942779541016,3414.0,2.289344549179077,161,0.0,1885.7277,2
StandardGP,82b61edf-33e9-11f0-828c-88a4c2b6c82f,GP_sustavianfeed,52,437,2.937380313873291,0.05170321464538574,3358.0,2.289344549179077,161,0.0,168786.12,2
StandardGP,82b61edf-33e9-11f0-828c-88a4c2b6c82f,GP_sustavianfeed,52,438,2.937380313873291,0.03888082504272461,3080.0,2.289344549179077,161,0.0,237401.06,2
StandardGP,82b61edf-33e9-11f0-828c-88a4c2b6c82f,GP_sustavianfeed,52,439,2.937380313873291,0.03639841079711914,3244.0,2.289344549179077,161,0.0,1807.3582,2
StandardGP,82b61edf-33e9-11f0-828c-88a4c2b6c82f,GP_sustavianfeed,52,440,2.937380313873291,0.03961300849914551,3086.0,2.289344549179077,161,0.0,2471.3877,2
StandardGP,82b61edf-33e9-11f0-828c-88a4c2b6c82f,GP_sustavianfeed,52,441,2.937380313873291,0.03557252883911133,2930.0,2.289344549179077,161,0.0,1036.488,2
StandardGP,82b61edf-33e9-11f0-828c-88a4c2b6c82f,GP_sustavianfeed,52,442,2.937380313873291,0.028764963150024414,2564.0,2.289344549179077,161,0.0,3984.5164,2
StandardGP,82b61edf-33e9-11f0-828c-88a4c2b6c82f,GP_sustavianfeed,52,443,2.937380313873291,0.03811311721801758,2744.0,2.289344549179077,161,0.0,3522.7957,2
StandardGP,82b61edf-33e9-11f0-828c-88a4c2b6c82f,GP_sustavianfeed,52,444,2.937380313873291,0.044049739837646484,2814.0,2.289344549179077,161,0.0,23852.44,2
StandardGP,82b61edf-33e9-11f0-828c-88a4c2b6c82f,GP_sustavianfeed,52,445,2.937380313873291,0.03263735771179199,2596.0,2.289344549179077,161,0.0,11859.88,2
StandardGP,82b61edf-33e9-11f0-828c-88a4c2b6c82f,GP_sustavianfeed,52,446,2.937380313873291,0.03285074234008789,2834.0,2.289344549179077,161,0.0,10806.289,2
StandardGP,82b61edf-33e9-11f0-828c-88a4c2b6c82f,GP_sustavianfeed,52,447,2.937380313873291,0.03579115867614746,2752.0,2.289344549179077,161,0.0,554.70026,2
StandardGP,82b61edf-33e9-11f0-828c-88a4c2b6c82f,GP_sustavianfeed,52,448,2.937380313873291,0.040923118591308594,3172.0,2.289344549179077,161,0.0,0.6970745,2
StandardGP,82b61edf-33e9-11f0-828c-88a4c2b6c82f,GP_sustavianfeed,52,449,2.937380313873291,0.04109334945678711,3362.0,2.289344549179077,161,0.0,81.9954,2
StandardGP,82b61edf-33e9-11f0-828c-88a4c2b6c82f,GP_sustavianfeed,52,450,2.937380313873291,0.04120588302612305,3396.0,2.289344549179077,161,0.0,49.062206,2
StandardGP,82b61edf-33e9-11f0-828c-88a4c2b6c82f,GP_sustavianfeed,52,451,2.937380313873291,0.03855133056640625,3230.0,2.289344549179077,161,0.0,5974.712,2
StandardGP,82b61edf-33e9-11f0-828c-88a4c2b6c82f,GP_sustavianfeed,52,452,2.937380313873291,0.043843746185302734,3328.0,2.289344549179077,161,0.0,127343.01,2
StandardGP,82b61edf-33e9-11f0-828c-88a4c2b6c82f,GP_sustavianfeed,52,453,2.937380313873291,0.039494991302490234,2978.0,2.289344549179077,161,0.0,3054.7927,2
StandardGP,82b61edf-33e9-11f0-828c-88a4c2b6c82f,GP_sustavianfeed,52,454,2.937380313873291,0.04011344909667969,2838.0,2.289344549179077,161,0.0,4212.2285,2
StandardGP,82b61edf-33e9-11f0-828c-88a4c2b6c82f,GP_sustavianfeed,52,455,2.937380313873291,0.03876781463623047,3072.0,2.289344549179077,161,0.0,9031.81,2
StandardGP,82b61edf-33e9-11f0-828c-88a4c2b6c82f,GP_sustavianfeed,52,456,2.937380313873291,0.04912877082824707,3432.0,2.289344549179077,161,0.0,57.04085,2
StandardGP,82b61edf-33e9-11f0-828c-88a4c2b6c82f,GP_sustavianfeed,52,457,2.937380313873291,0.04154634475708008,3122.0,2.289344549179077,161,0.0,20302.6,2
StandardGP,82b61edf-33e9-11f0-828c-88a4c2b6c82f,GP_sustavianfeed,52,458,2.937380313873291,0.04202437400817871,3360.0,2.289344549179077,161,0.0,636.5941,2
StandardGP,82b61edf-33e9-11f0-828c-88a4c2b6c82f,GP_sustavianfeed,52,459,2.937380313873291,0.044312477111816406,3134.0,2.289344549179077,161,0.0,373.61255,2
StandardGP,82b61edf-33e9-11f0-828c-88a4c2b6c82f,GP_sustavianfeed,52,460,2.937380313873291,0.04941916465759277,3410.0,2.289344549179077,161,0.0,37.598244,2
StandardGP,82b61edf-33e9-11f0-828c-88a4c2b6c82f,GP_sustavianfeed,52,461,2.937380313873291,0.04450058937072754,2992.0,2.289344549179077,161,0.0,267.73935,2
StandardGP,82b61edf-33e9-11f0-828c-88a4c2b6c82f,GP_sustavianfeed,52,462,2.937380313873291,0.04731035232543945,3446.0,2.289344549179077,161,0.0,100.00623,2
StandardGP,82b61edf-33e9-11f0-828c-88a4c2b6c82f,GP_sustavianfeed,52,463,2.937380313873291,0.041129350662231445,3308.0,2.289344549179077,161,0.0,44.033665,2
StandardGP,82b61edf-33e9-11f0-828c-88a4c2b6c82f,GP_sustavianfeed,52,464,2.937380313873291,0.04174327850341797,3286.0,2.289344549179077,161,0.0,648.71906,2
StandardGP,82b61edf-33e9-11f0-828c-88a4c2b6c82f,GP_sustavianfeed,52,465,2.937380313873291,0.04537510871887207,3410.0,2.289344549179077,161,0.0,60.365387,2
StandardGP,82b61edf-33e9-11f0-828c-88a4c2b6c82f,GP_sustavianfeed,52,466,2.937380313873291,0.04394984245300293,3256.0,2.289344549179077,161,0.0,37210.582,2
StandardGP,82b61edf-33e9-11f0-828c-88a4c2b6c82f,GP_sustavianfeed,52,467,2.937380313873291,0.03595304489135742,2846.0,2.289344549179077,161,0.0,25557.42,2
StandardGP,82b61edf-33e9-11f0-828c-88a4c2b6c82f,GP_sustavianfeed,52,468,2.937380313873291,0.04004240036010742,3292.0,2.289344549179077,161,0.0,1600.0253,2
StandardGP,82b61edf-33e9-11f0-828c-88a4c2b6c82f,GP_sustavianfeed,52,469,2.937380313873291,0.04947161674499512,3412.0,2.289344549179077,161,0.0,46.4549,2
StandardGP,82b61edf-33e9-11f0-828c-88a4c2b6c82f,GP_sustavianfeed,52,470,2.937380313873291,0.05267596244812012,3662.0,2.289344549179077,161,0.0,1.1927677,2
StandardGP,82b61edf-33e9-11f0-828c-88a4c2b6c82f,GP_sustavianfeed,52,471,2.937380313873291,0.04972696304321289,3324.0,2.289344549179077,161,0.0,517.1142,2
StandardGP,82b61edf-33e9-11f0-828c-88a4c2b6c82f,GP_sustavianfeed,52,472,2.937380313873291,0.047270774841308594,3494.0,2.289344549179077,161,0.0,264.26273,2
StandardGP,82b61edf-33e9-11f0-828c-88a4c2b6c82f,GP_sustavianfeed,52,473,2.937380313873291,0.0424349308013916,3442.0,2.289344549179077,161,0.0,30.495209,2
StandardGP,82b61edf-33e9-11f0-828c-88a4c2b6c82f,GP_sustavianfeed,52,474,2.937380313873291,0.04445171356201172,3280.0,2.289344549179077,161,0.0,298.28046,2
StandardGP,82b61edf-33e9-11f0-828c-88a4c2b6c82f,GP_sustavianfeed,52,475,2.937380313873291,0.04105734825134277,3198.0,2.289344549179077,161,0.0,104.30142,2
StandardGP,82b61edf-33e9-11f0-828c-88a4c2b6c82f,GP_sustavianfeed,52,476,2.937380313873291,0.03587985038757324,2838.0,2.289344549179077,161,0.0,2077.9026,2
StandardGP,82b61edf-33e9-11f0-828c-88a4c2b6c82f,GP_sustavianfeed,52,477,2.937380313873291,0.04333162307739258,3240.0,2.289344549179077,161,0.0,104.44666,2
StandardGP,82b61edf-33e9-11f0-828c-88a4c2b6c82f,GP_sustavianfeed,52,478,2.937380313873291,0.052396535873413086,3326.0,2.289344549179077,161,0.0,30.898966,2
StandardGP,82b61edf-33e9-11f0-828c-88a4c2b6c82f,GP_sustavianfeed,52,479,2.937380313873291,0.04443788528442383,3220.0,2.289344549179077,161,0.0,245.3988,2
StandardGP,82b61edf-33e9-11f0-828c-88a4c2b6c82f,GP_sustavianfeed,52,480,2.937380313873291,0.03876066207885742,2956.0,2.289344549179077,161,0.0,4992.9907,2
StandardGP,82b61edf-33e9-11f0-828c-88a4c2b6c82f,GP_sustavianfeed,52,481,2.937380313873291,0.04012012481689453,3014.0,2.289344549179077,161,0.0,4394.427,2
StandardGP,82b61edf-33e9-11f0-828c-88a4c2b6c82f,GP_sustavianfeed,52,482,2.937380313873291,0.03974795341491699,3026.0,2.289344549179077,161,0.0,554.5753,2
StandardGP,82b61edf-33e9-11f0-828c-88a4c2b6c82f,GP_sustavianfeed,52,483,2.937380313873291,0.036904096603393555,2760.0,2.289344549179077,161,0.0,215490.53,2
StandardGP,82b61edf-33e9-11f0-828c-88a4c2b6c82f,GP_sustavianfeed,52,484,2.937380313873291,0.04315781593322754,3594.0,2.289344549179077,161,0.0,775101.44,2
StandardGP,82b61edf-33e9-11f0-828c-88a4c2b6c82f,GP_sustavianfeed,52,485,2.937380313873291,0.05032205581665039,3674.0,2.289344549179077,161,0.0,64.15249,2
StandardGP,82b61edf-33e9-11f0-828c-88a4c2b6c82f,GP_sustavianfeed,52,486,2.937380313873291,0.05006814002990723,3522.0,2.289344549179077,161,0.0,341.80396,2
StandardGP,82b61edf-33e9-11f0-828c-88a4c2b6c82f,GP_sustavianfeed,52,487,2.937380313873291,0.04764199256896973,3738.0,2.289344549179077,161,0.0,558.64594,2
StandardGP,82b61edf-33e9-11f0-828c-88a4c2b6c82f,GP_sustavianfeed,52,488,2.937380313873291,0.04744672775268555,3294.0,2.289344549179077,161,0.0,376.593,2
StandardGP,82b61edf-33e9-11f0-828c-88a4c2b6c82f,GP_sustavianfeed,52,489,2.937380313873291,0.04761457443237305,3158.0,2.289344549179077,161,0.0,9420.09,2
StandardGP,82b61edf-33e9-11f0-828c-88a4c2b6c82f,GP_sustavianfeed,52,490,2.937380313873291,0.042321205139160156,3320.0,2.289344549179077,161,0.0,98.59233,2
StandardGP,82b61edf-33e9-11f0-828c-88a4c2b6c82f,GP_sustavianfeed,52,491,2.937380313873291,0.04679989814758301,3304.0,2.289344549179077,161,0.0,788.5439,2
StandardGP,82b61edf-33e9-11f0-828c-88a4c2b6c82f,GP_sustavianfeed,52,492,2.937380313873291,0.044942617416381836,3390.0,2.289344549179077,161,0.0,36033.55,2
StandardGP,82b61edf-33e9-11f0-828c-88a4c2b6c82f,GP_sustavianfeed,52,493,2.937380313873291,0.042835235595703125,3392.0,2.289344549179077,161,0.0,1700.8744,2
StandardGP,82b61edf-33e9-11f0-828c-88a4c2b6c82f,GP_sustavianfeed,52,494,2.937380313873291,0.041311025619506836,3290.0,2.289344549179077,161,0.0,37.02166,2
StandardGP,82b61edf-33e9-11f0-828c-88a4c2b6c82f,GP_sustavianfeed,52,495,2.937380313873291,0.042815208435058594,3130.0,2.289344549179077,161,0.0,84.133606,2
StandardGP,82b61edf-33e9-11f0-828c-88a4c2b6c82f,GP_sustavianfeed,52,496,2.937380313873291,0.03720283508300781,2966.0,2.289344549179077,161,0.0,127894.52,2
StandardGP,82b61edf-33e9-11f0-828c-88a4c2b6c82f,GP_sustavianfeed,52,497,2.937380313873291,0.04000091552734375,2810.0,2.289344549179077,161,0.0,262.77066,2
StandardGP,82b61edf-33e9-11f0-828c-88a4c2b6c82f,GP_sustavianfeed,52,498,2.937380313873291,0.03758502006530762,2946.0,2.289344549179077,161,0.0,58.69874,2
StandardGP,82b61edf-33e9-11f0-828c-88a4c2b6c82f,GP_sustavianfeed,52,499,2.937380313873291,0.03881239891052246,2966.0,2.289344549179077,161,0.0,7138.285,2
StandardGP,82b61edf-33e9-11f0-828c-88a4c2b6c82f,GP_sustavianfeed,52,500,2.937380313873291,0.039548635482788086,3194.0,2.289344549179077,161,0.0,317.26474,2
